anio_c,pais_c,population,poor_int_pop,poor_int_delta_pop,poor31_int_pop,poor31_int_delta_pop,poor_national_pop,poor_national_delta_pop,poor_e_national_pop,poor_e_national_delta_pop,poor_national_new_recovery,poor_e_national_new_recovery,poor_int,poor_int_delta,poor31_int,poor31_int_delta,poor_national,poor_national_delta,poor_e_national,poor_e_national_delta,shock_weight,shock_component
2020,ARG,28644818.0,3117451.0,3033772.0,1600371.0,1589140.0,9345989.0,9145764.0,2615991.0,2443448.0,0.0,0.0,0.12102024915073895,0.1177718088613215,0.06212681359021111,0.061690823283318735,0.4485814255681058,0.4389711835771968,0.1255602774680491,0.11727869432989244,0.0,"Alimentos fuera del hogarBebidas no alcohólicasFrutasGranosPanes y
cerealesGrasasLeguminosasLácteosProductos no especificados previamenteRaíces y
tubérculosVegetales"
2014,BHS,257918.38403320312,10644.299877166748,9358.222019195557,6016.8191566467285,4944.536720275879,10644.299877166748,9358.222019195557,6016.8191566467285,4944.536720275879,0.0,0.0,0.05380851274391729,0.04730719865009334,0.030415912178758265,0.02499536561314447,0.05380851274391729,0.04730719865009334,0.030415912178758265,0.02499536561314447,0.0,"Alimentos fuera del hogarBebidas no alcohólicasFrutasGranosPanes y
cerealesGrasasLeguminosasLácteosProductos no especificados previamenteRaíces y
tubérculosVegetales"
2007,BLZ,313923.68988609314,19310.166982650757,17716.942991256714,11562.428081512451,11283.11243057251,19310.166982650757,17716.942991256714,11562.428081512451,11283.11243057251,0.0,0.0,0.0803069258979802,0.07368104217927804,0.04808570821666102,0.04692409313055984,0.0803069258979802,0.07368104217927804,0.04808570821666102,0.04692409313055984,0.0,"Alimentos fuera del hogarBebidas no alcohólicasFrutasGranosPanes y
cerealesGrasasLeguminosasLácteosProductos no especificados previamenteRaíces y
tubérculosVegetales"
2020,BOL,11749037.995095253,3051805.186159134,2951385.7665548325,1607023.870554924,1535369.2672185898,4538500.133379936,4346947.469762802,1714047.6042966843,1637819.632842064,0.0,0.0,0.26149906469056505,0.25289445767882346,0.13770054556280956,0.13156070025479133,0.3888890238995002,0.37247551146363295,0.14687105434891756,0.14033933229501747,0.0,"Alimentos fuera del hogarBebidas no alcohólicasFrutasGranosPanes y
cerealesGrasasLeguminosasLácteosProductos no especificados previamenteRaíces y
tubérculosVegetales"
2020,BRA,211096452.99566078,41242997.93794346,40986010.28911686,18028022.542549133,17094286.611450195,46497642.96545887,45697892.94176388,8674885.643491745,8631296.923761368,0.0,0.0,0.20016417761787167,0.19891694235474347,0.087495198863464,0.0829635087801704,0.22566648717812832,0.2217850693909527,0.04210172483996663,0.041890176197179434,0.0,"Alimentos fuera del hogarBebidas no alcohólicasFrutasGranosPanes y
cerealesGrasasLeguminosasLácteosProductos no especificados previamenteRaíces y
tubérculosVegetales"
2016,BRB,278999.9999694824,10226.09602355957,7769.971202850342,3090.0795555114746,3090.0795555114746,10226.09602355957,7769.971202850342,3090.0795555114746,3090.0795555114746,0.0,0.0,0.04358769412399205,0.03311871190743805,0.013171149789140335,0.013171149789140335,0.04358769412399205,0.03311871190743805,0.013171149789140335,0.013171149789140335,0.0,"Alimentos fuera del hogarBebidas no alcohólicasFrutasGranosPanes y
cerealesGrasasLeguminosasLácteosProductos no especificados previamenteRaíces y
tubérculosVegetales"
2020,CHL,19545799.0,2195707.0,2099668.0,1077324.0,1044636.0,2112185.0,2004467.0,831232.0,760472.0,0.0,0.0,0.11488974632820459,0.10986453287868038,0.05637067289637765,0.05466028256288764,0.10813706196038599,0.10262224766133128,0.04255639836825636,0.03893371451039499,0.0,"Alimentos fuera del hogarBebidas no alcohólicasFrutasGranosPanes y
cerealesGrasasLeguminosasLácteosProductos no especificados previamenteRaíces y
tubérculosVegetales"
2020,COL,49620239.65705776,16934375.421102524,16105552.89699936,8793001.726118088,8384147.85562706,18939982.820563316,18030157.44936371,5191881.252938271,4879644.759225845,0.0,0.0,0.34989991249207564,0.33277469107447477,0.18168196098200595,0.1732341777039414,0.38169873727865755,0.36336296587796063,0.10463232924349249,0.09833980635625138,0.0,"Alimentos fuera del hogarBebidas no alcohólicasFrutasGranosPanes y
cerealesGrasasLeguminosasLácteosProductos no especificados previamenteRaíces y
tubérculosVegetales"
2021,CRI,5163413.0,878268.0,828325.0,363379.0,338766.0,1351668.0,1279098.0,376776.0,349311.0,0.0,0.0,0.1721955685915446,0.162403610690121,0.07124505676994594,0.06641936628623973,0.2622203451876859,0.24814193950650504,0.07309363895456246,0.0677654949276418,0.0,"Alimentos fuera del hogarBebidas no alcohólicasFrutasGranosPanes y
cerealesGrasasLeguminosasLácteosProductos no especificados previamenteRaíces y
tubérculosVegetales"
2020,DOM,10480963.994644165,2482052.771194458,2272553.1899108887,1000347.8591766357,893364.6697845459,2367297.6797180176,2058298.7022247314,325918.0559082031,277729.8112640381,0.0,0.0,0.24088682959608165,0.22055459068368352,0.09708521393536816,0.08670233988376781,0.22586640703352484,0.19638448364831082,0.03109619077737021,0.026498498745531392,0.0,"Alimentos fuera del hogarBebidas no alcohólicasFrutasGranosPanes y
cerealesGrasasLeguminosasLácteosProductos no especificados previamenteRaíces y
tubérculosVegetales"
2020,ECU,17695544.989904404,6586100.245279312,6362223.443101883,3491176.0305366516,3323406.0274066925,5533934.7630729675,5263748.605995178,2512521.3625125885,2347527.639257431,0.0,0.0,0.3787222877951116,0.36584864002978,0.20075403108660456,0.1911067076262134,0.31821933404097624,0.3026827470276806,0.14447818938481766,0.13499051109024338,0.0,"Alimentos fuera del hogarBebidas no alcohólicasFrutasGranosPanes y
cerealesGrasasLeguminosasLácteosProductos no especificados previamenteRaíces y
tubérculosVegetales"
2014,GTM,16002003.998764038,9157928.231903076,8812743.231903076,5970871.429046631,5610749.429046631,9486743.199783325,9084970.15901184,3737409.676925659,3384341.676925659,0.0,0.0,0.5747089919568676,0.5530467864486894,0.3747041266535849,0.3521045444816593,0.5928471959209648,0.5677395256065144,0.23355885157973522,0.21149486509233836,0.0,"Alimentos fuera del hogarBebidas no alcohólicasFrutasGranosPanes y
cerealesGrasasLeguminosasLácteosProductos no especificados previamenteRaíces y
tubérculosVegetales"
2019,GUY,745059.1476888657,299922.63168144226,206605.1998310089,189381.52050876617,130152.1012096405,299922.63168144226,206605.1998310089,189381.52050876617,130152.1012096405,0.0,0.0,0.48676766835129825,0.3353155806455167,0.3073619374772231,0.211233925501591,0.48676766835129825,0.3353155806455167,0.3073619374772231,0.211233925501591,0.0,"Alimentos fuera del hogarBebidas no alcohólicasFrutasGranosPanes y
cerealesGrasasLeguminosasLácteosProductos no especificados previamenteRaíces y
tubérculosVegetales"
2019,HND,2251019.1909561157,268601.8744163513,263394.08137893677,184826.1531906128,177366.54668426514,328202.57481765747,318736.6521644592,211485.94050598145,204827.87186431885,0.0,0.0,0.5163260271061143,0.5063152291738886,0.35528625252365614,0.340946855229551,0.6303425902136706,0.6121624336219854,0.40617778701577234,0.39339036682037104,0.0,"Alimentos fuera del hogarBebidas no alcohólicasFrutasGranosPanes y
cerealesGrasasLeguminosasLácteosProductos no especificados previamenteRaíces y
tubérculosVegetales"
2018,JAM,3157964.7343235016,0.0,0.0,0.0,0.0,353107.1140060425,325914.7932777405,97747.99367141724,83809.54419326782,0.0,0.0,,,,,0.11332047995837581,0.10459381681881487,0.03136965843634556,0.026896478140373284,0.0,"Alimentos fuera del hogarBebidas no alcohólicasFrutasGranosPanes y
cerealesGrasasLeguminosasLácteosProductos no especificados previamenteRaíces y
tubérculosVegetales"
2020,MEX,126760856.0,38534112.0,36385580.0,16988970.0,15867717.0,66887453.0,64250382.0,18855506.0,17538509.0,0.0,0.0,0.30552268588149867,0.2884877723134282,0.1346992437443532,0.1258092444597534,0.5276664666890543,0.5068629546016951,0.14874864839978677,0.13835902938364505,0.0,"Alimentos fuera del hogarBebidas no alcohólicasFrutasGranosPanes y
cerealesGrasasLeguminosasLácteosProductos no especificados previamenteRaíces y
tubérculosVegetales"
2014,NIC,6240907.859611034,3012898.8379786015,2911970.6962502003,1784050.8496847153,1720512.927110672,2473974.7280521393,2376187.317369461,1399767.9736042023,1305866.942117691,0.0,0.0,0.507505286974529,0.4905045284737745,0.30051299002586174,0.28981039648928636,0.41672665490826905,0.4002549342864427,0.23578277444534668,0.21996569179688352,0.0,"Alimentos fuera del hogarBebidas no alcohólicasFrutasGranosPanes y
cerealesGrasasLeguminosasLácteosProductos no especificados previamenteRaíces y
tubérculosVegetales"
2019,PAN,4076474.0,638719.0,595035.0,374547.0,340836.0,873663.0,821421.0,387056.0,357528.0,0.0,0.0,0.15949987401707724,0.14859117630092664,0.09353127011013329,0.08511301379868853,0.21816970911055059,0.20512392149753117,0.09665499732676475,0.08928131299926508,0.0,"Alimentos fuera del hogarBebidas no alcohólicasFrutasGranosPanes y
cerealesGrasasLeguminosasLácteosProductos no especificados previamenteRaíces y
tubérculosVegetales"
2020,PER,33221603.712699294,11615062.224806905,11020979.872205973,6025398.099321961,5652844.662004113,9984368.428366065,9063369.961044312,1703729.5014824867,1480004.2740502357,0.0,0.0,0.3517520468127544,0.3337607800026286,0.18247393541909457,0.17119147893394568,0.3005384241745512,0.2728155461555803,0.05128378257161676,0.044549453026088835,0.0,"Alimentos fuera del hogarBebidas no alcohólicasFrutasGranosPanes y
cerealesGrasasLeguminosasLácteosProductos no especificados previamenteRaíces y
tubérculosVegetales"
2020,PRY,7221008.0,1551825.0,1470075.0,604770.0,565896.0,1863389.0,1755545.0,269304.0,229340.0,0.0,0.0,0.21788632885703346,0.20640809685016254,0.08491364367945363,0.0794554810979845,0.25805109203590415,0.2431163350047528,0.037294516222665865,0.031760108837990485,0.0,"Alimentos fuera del hogarBebidas no alcohólicasFrutasGranosPanes y
cerealesGrasasLeguminosasLácteosProductos no especificados previamenteRaíces y
tubérculosVegetales"
2020,SLV,6321041.993896484,1850907.7714862823,1762656.4167613983,978830.4975585938,916308.9993572235,1814047.6373729706,1695685.664741516,550173.576871872,504899.75363731384,0.0,0.0,0.3070946682663867,0.29245238250758043,0.16240335232662695,0.15203005385900548,0.2869855380053781,0.26826046502757744,0.08703843091109224,0.0798760321676139,0.0,"Alimentos fuera del hogarBebidas no alcohólicasFrutasGranosPanes y
cerealesGrasasLeguminosasLácteosProductos no especificados previamenteRaíces y
tubérculosVegetales"
2017,SUR,494372.2035036087,237259.42736196518,234451.99771642685,146482.05988121033,142790.1365852356,129338.43584489822,127538.45404481888,8341.4700050354,8341.4700050354,0.0,0.0,0.5362725627820821,0.5299269877818258,0.3310903618352408,0.32274558418176225,0.2616215776863638,0.2579806330957843,0.016872853987177115,0.016872853987177115,0.0,"Alimentos fuera del hogarBebidas no alcohólicasFrutasGranosPanes y
cerealesGrasasLeguminosasLácteosProductos no especificados previamenteRaíces y
tubérculosVegetales"
2015,TTO,1370327.9436531067,101598.74156570435,90817.5061302185,35306.4885635376,33907.39694213867,101598.74156570435,90817.5061302185,35306.4885635376,33907.39694213867,0.0,0.0,0.11341816344342873,0.10138270016996646,0.039413845376452754,0.03785199136386605,0.11341816344342873,0.10138270016996646,0.039413845376452754,0.03785199136386605,0.0,"Alimentos fuera del hogarBebidas no alcohólicasFrutasGranosPanes y
cerealesGrasasLeguminosasLácteosProductos no especificados previamenteRaíces y
tubérculosVegetales"
2020,URY,3530882.831489086,333549.2358431816,318648.72210264206,123476.6556968689,116813.19368839264,611005.5813837051,581804.0274906158,168771.57465457916,159954.37864398956,0.0,0.0,0.09548715067440049,0.09122149077243084,0.03534840665274758,0.03344081721034316,0.17491625146434336,0.1665565465785945,0.04831525618057285,0.045791104320771485,0.0,"Alimentos fuera del hogarBebidas no alcohólicasFrutasGranosPanes y
cerealesGrasasLeguminosasLácteosProductos no especificados previamenteRaíces y
tubérculosVegetales"
2021,VEN,28704946.98902893,25287458.12391281,25388296.525550842,23255209.237609863,23424495.186927795,25287458.12391281,25388988.847373962,23258676.789611816,23424868.131462097,0.0,0.0,0.9067657634428258,0.9103816591092707,0.833892732714928,0.8399630424440131,0.9067657634428258,0.9104064846066937,0.8340170733039632,0.8399764156084376,0.0,"Alimentos fuera del hogarBebidas no alcohólicasFrutasGranosPanes y
cerealesGrasasLeguminosasLácteosProductos no especificados previamenteRaíces y
tubérculosVegetales"
2020,ARG,28644818.0,3446331.0,3457613.0,1672324.0,1674208.0,9345989.0,9346860.0,2615991.0,2747189.0,4151.982634344054,625409.6643635716,0.1337874552882837,0.13422542542828544,0.06492004754549802,0.06499318490977415,0.4485814255681058,0.44862323114070707,0.1255602774680491,0.13185741583100719,0.1,"Alimentos fuera del hogarBebidas no alcohólicasFrutasGranosPanes y
cerealesGrasasLeguminosasLácteosProductos no especificados previamenteRaíces y
tubérculosVegetales"
2014,BHS,257918.38403320312,11585.031284332275,10644.299877166748,6236.448661804199,6016.8191566467285,10644.299877166748,10017.421627044678,6016.8191566467285,6016.8191566467285,0.0,0.0,0.0585640493687031,0.05380851274391729,0.03152617186362085,0.030415912178758265,0.05380851274391729,0.050639550322731125,0.030415912178758265,0.030415912178758265,0.1,"Alimentos fuera del hogarBebidas no alcohólicasFrutasGranosPanes y
cerealesGrasasLeguminosasLácteosProductos no especificados previamenteRaíces y
tubérculosVegetales"
2007,BLZ,313923.68988609314,19498.12403678894,19498.12403678894,12319.654644012451,12319.654644012451,19310.166982650757,18449.304471969604,11562.428081512451,11525.642665863037,0.0,0.0,0.08108859978160013,0.08108859978160013,0.051234854337318864,0.051234854337318864,0.0803069258979802,0.07672677965089009,0.04808570821666102,0.04793272540448037,0.1,"Alimentos fuera del hogarBebidas no alcohólicasFrutasGranosPanes y
cerealesGrasasLeguminosasLácteosProductos no especificados previamenteRaíces y
tubérculosVegetales"
2020,BOL,11749037.995095253,3344322.8717451096,3305944.686598778,1755281.3277921677,1713099.4921674728,4538500.133379936,4498340.863516808,1714047.6042966843,1743726.056632042,0.0,239877.6038316455,0.2865639349952296,0.2832754355963156,0.15040423535820366,0.14678981376510344,0.3888890238995002,0.38544790925840444,0.14687105434891756,0.149414102497062,0.1,"Alimentos fuera del hogarBebidas no alcohólicasFrutasGranosPanes y
cerealesGrasasLeguminosasLácteosProductos no especificados previamenteRaíces y
tubérculosVegetales"
2020,BRA,211096452.99566078,45071475.02221203,45543856.44832134,20367133.459472656,20510154.829135895,46497642.96545887,47724842.75671291,8674885.643491745,9118161.23359108,2751536.6775975763,993431.7933834158,0.2187448823536074,0.221037485811324,0.09884757954508837,0.09954170354847675,0.22566648717812832,0.23162244211037633,0.04210172483996663,0.04425306927142176,0.1,"Alimentos fuera del hogarBebidas no alcohólicasFrutasGranosPanes y
cerealesGrasasLeguminosasLácteosProductos no especificados previamenteRaíces y
tubérculosVegetales"
2016,BRB,278999.9999694824,10226.09602355957,10226.09602355957,3090.0795555114746,3090.0795555114746,10226.09602355957,9470.890964508057,3090.0795555114746,3090.0795555114746,0.0,0.0,0.04358769412399205,0.04358769412399205,0.013171149789140335,0.013171149789140335,0.04358769412399205,0.04036870937761466,0.013171149789140335,0.013171149789140335,0.1,"Alimentos fuera del hogarBebidas no alcohólicasFrutasGranosPanes y
cerealesGrasasLeguminosasLácteosProductos no especificados previamenteRaíces y
tubérculosVegetales"
2020,CHL,19545799.0,2498924.0,2507113.0,1181453.0,1187125.0,2112185.0,2217542.0,831232.0,903124.0,1105289.2227078578,753217.8094354792,0.13075548989617572,0.131183976999729,0.061819193302520004,0.06211597909460136,0.10813706196038599,0.1135310006717017,0.04255639836825636,0.04623703697635938,0.1,"Alimentos fuera del hogarBebidas no alcohólicasFrutasGranosPanes y
cerealesGrasasLeguminosasLácteosProductos no especificados previamenteRaíces y
tubérculosVegetales"
2020,COL,49620239.65705776,18009543.19260502,17953674.919988632,9623169.502737999,9562429.289336205,18939982.820563316,18674758.119270325,5191881.252938271,5352225.552829742,0.0,432281.4819072079,0.372115146287721,0.37096078994368975,0.19883497815387494,0.19757995723780658,0.38169873727865755,0.37635364618022576,0.10463232924349249,0.10786375861585476,0.1,"Alimentos fuera del hogarBebidas no alcohólicasFrutasGranosPanes y
cerealesGrasasLeguminosasLácteosProductos no especificados previamenteRaíces y
tubérculosVegetales"
2021,CRI,5163413.0,983044.0,974094.0,406539.0,404630.0,1351668.0,1343930.0,376776.0,402875.0,0.0,0.0,0.1927382308481083,0.19098346995633683,0.07970712158434322,0.0793328379483218,0.2622203451876859,0.26071919177496744,0.07309363895456246,0.07815678226272202,0.1,"Alimentos fuera del hogarBebidas no alcohólicasFrutasGranosPanes y
cerealesGrasasLeguminosasLácteosProductos no especificados previamenteRaíces y
tubérculosVegetales"
2020,DOM,10480963.994644165,2784303.879486084,2647841.8311462402,1165634.5611724854,1092868.7765350342,2367297.6797180176,2246023.362197876,325918.0559082031,349064.79177856445,0.0,77714.74536681602,0.2702207390371906,0.2569768988713939,0.11312652864078108,0.10606450346234315,0.22586640703352484,0.21429549451229937,0.03109619077737021,0.03330464563726568,0.1,"Alimentos fuera del hogarBebidas no alcohólicasFrutasGranosPanes y
cerealesGrasasLeguminosasLácteosProductos no especificados previamenteRaíces y
tubérculosVegetales"
2020,ECU,17695544.989904404,7233099.814395905,7152763.367019653,3940911.9025039673,3898929.558654785,5533934.7630729675,5528745.252937317,2512521.3625125885,2616410.4183979034,43045.21687409911,379152.1369036174,0.4159268774449455,0.4113072691774471,0.2266153134831296,0.22420119151148796,0.31821933404097624,0.31792092024860824,0.14447818938481766,0.15045214961264167,0.1,"Alimentos fuera del hogarBebidas no alcohólicasFrutasGranosPanes y
cerealesGrasasLeguminosasLácteosProductos no especificados previamenteRaíces y
tubérculosVegetales"
2014,GTM,16002003.998764038,9645230.231903076,9477907.231903076,6434774.963256836,6261892.374221802,9486743.199783325,9453570.199783325,3737409.676925659,3948767.676925659,0.0,13078571.95232096,0.605289799548583,0.5947893861116001,0.40381655533394945,0.39296724794092014,0.5928471959209648,0.5907741430706741,0.23355885157973522,0.2467670722511164,0.1,"Alimentos fuera del hogarBebidas no alcohólicasFrutasGranosPanes y
cerealesGrasasLeguminosasLácteosProductos no especificados previamenteRaíces y
tubérculosVegetales"
2019,GUY,745059.1476888657,322624.7293252945,222364.38717460632,204021.40409088135,139075.18953323364,299922.63168144226,210358.2318687439,189381.52050876617,137099.23532295227,0.0,0.0,0.5236126609243119,0.36089238635487003,0.33112213842054394,0.2257158966466744,0.48676766835129825,0.34140666701673905,0.3073619374772231,0.2225089675186012,0.1,"Alimentos fuera del hogarBebidas no alcohólicasFrutasGranosPanes y
cerealesGrasasLeguminosasLácteosProductos no especificados previamenteRaíces y
tubérculosVegetales"
2019,HND,2251019.1909561157,282400.1351966858,278328.1808280945,196671.57425308228,192341.73342895508,328202.57481765747,326880.6965789795,211485.94050598145,214944.929271698,639.9268448972592,23082.37203141126,0.5428500459170958,0.5350226395512222,0.3780563810265704,0.36973324658984597,0.6303425902136706,0.6278038040588748,0.40617778701577234,0.4128210863235645,0.1,"Alimentos fuera del hogarBebidas no alcohólicasFrutasGranosPanes y
cerealesGrasasLeguminosasLácteosProductos no especificados previamenteRaíces y
tubérculosVegetales"
2018,JAM,3157964.7343235016,0.0,0.0,0.0,0.0,353107.1140060425,372922.78341674805,97747.99367141724,122235.46541595459,0.0,0.0,,,,,0.11332047995837581,0.11967980006054525,0.03136965843634556,0.03922827113767633,0.1,"Alimentos fuera del hogarBebidas no alcohólicasFrutasGranosPanes y
cerealesGrasasLeguminosasLácteosProductos no especificados previamenteRaíces y
tubérculosVegetales"
2020,MEX,126760856.0,42950346.0,41773709.0,19508313.0,18757763.0,66887453.0,66461980.0,18855506.0,19930327.0,1307700.6171640197,6390764.343151075,0.3405373677602765,0.3312082492756583,0.15467418023742074,0.1487233475858636,0.5276664666890543,0.5243099652151292,0.14874864839978677,0.1572277722706448,0.1,"Alimentos fuera del hogarBebidas no alcohólicasFrutasGranosPanes y
cerealesGrasasLeguminosasLácteosProductos no especificados previamenteRaíces y
tubérculosVegetales"
2014,NIC,6240907.859611034,3173592.5043432713,3148872.5425827503,1973758.960062027,1926507.040128708,2473974.7280521393,2489800.0064430237,1399767.9736042023,1441226.9281978607,51824.14821382989,120874.89538953552,0.5345732005185848,0.5304092667252785,0.3324682179229349,0.3245089068157802,0.41672665490826905,0.4193923310172638,0.23578277444534668,0.24276629423150553,0.1,"Alimentos fuera del hogarBebidas no alcohólicasFrutasGranosPanes y
cerealesGrasasLeguminosasLácteosProductos no especificados previamenteRaíces y
tubérculosVegetales"
2019,PAN,4076474.0,692584.0,677727.0,398121.0,385840.0,873663.0,859619.0,387056.0,398243.0,0.0,60610.38059999993,0.17295095456099385,0.169240888587895,0.09941813120253634,0.09635133977656697,0.21816970911055059,0.21466266418047047,0.09665499732676475,0.09944859684490816,0.1,"Alimentos fuera del hogarBebidas no alcohólicasFrutasGranosPanes y
cerealesGrasasLeguminosasLácteosProductos no especificados previamenteRaíces y
tubérculosVegetales"
2020,PER,33221603.712699294,12564941.98717475,12256353.535278201,6680581.30002296,6447856.079532981,9984368.428366065,9777861.482152104,1703729.5014824867,1832725.5114645958,0.0,0.0,0.3805183284023011,0.37117299580945784,0.20231558821641646,0.19526770753632303,0.3005384241745512,0.29432238030141866,0.05128378257161676,0.05516667790375267,0.1,"Alimentos fuera del hogarBebidas no alcohólicasFrutasGranosPanes y
cerealesGrasasLeguminosasLácteosProductos no especificados previamenteRaíces y
tubérculosVegetales"
2020,PRY,7221008.0,1695177.0,1682568.0,760704.0,751600.0,1863389.0,1842402.0,269304.0,285799.0,0.0,51814.940787356325,0.23801388255304523,0.23624349689708637,0.10680779205571554,0.10552953120934792,0.25805109203590415,0.2551447110985059,0.037294516222665865,0.039578823344330875,0.1,"Alimentos fuera del hogarBebidas no alcohólicasFrutasGranosPanes y
cerealesGrasasLeguminosasLácteosProductos no especificados previamenteRaíces y
tubérculosVegetales"
2020,SLV,6321041.993896484,2062680.8552761078,2020231.7074565887,1080805.2257537842,1061319.6620635986,1814047.6373729706,1828170.7892246246,550173.576871872,600941.8062057495,60578.52467796959,199274.48139696103,0.342231148817205,0.3351881685192952,0.1793225612732241,0.17608960023129386,0.2869855380053781,0.2892198455555085,0.08703843091109224,0.09507005439704579,0.1,"Alimentos fuera del hogarBebidas no alcohólicasFrutasGranosPanes y
cerealesGrasasLeguminosasLácteosProductos no especificados previamenteRaíces y
tubérculosVegetales"
2017,SUR,494372.2035036087,249683.82010412216,256449.51777410507,153119.25604057312,154643.74021339417,129338.43584489822,131251.93022203445,8341.4700050354,8663.270160675049,4134.036195593907,708.0314271968024,0.5643551600087994,0.5796475261281662,0.3460922786553413,0.3495380386125725,0.2616215776863638,0.26549213182265086,0.016872853987177115,0.017523780866477885,0.1,"Alimentos fuera del hogarBebidas no alcohólicasFrutasGranosPanes y
cerealesGrasasLeguminosasLácteosProductos no especificados previamenteRaíces y
tubérculosVegetales"
2015,TTO,1370327.9436531067,114766.66270828247,109952.14154052734,39092.26589202881,36047.18412780762,101598.74156570435,101392.99279785156,35306.4885635376,35471.087577819824,0.0,989.0241660582678,0.12811796591483302,0.12274335063622582,0.04364003858698149,0.04024070926546924,0.11341816344342873,0.11318847902981304,0.039413845376452754,0.03959759290734531,0.1,"Alimentos fuera del hogarBebidas no alcohólicasFrutasGranosPanes y
cerealesGrasasLeguminosasLácteosProductos no especificados previamenteRaíces y
tubérculosVegetales"
2020,URY,3530882.831489086,376384.914560318,374572.6995611191,143901.16940641403,142712.9963107109,611005.5813837051,614179.0152540207,168771.57465457916,184084.82195663452,33033.999527261134,97200.42286389323,0.10774997867208311,0.10723118495862885,0.04119545532939818,0.04085530985393376,0.17491625146434336,0.17582472951066253,0.04831525618057285,0.05269907180752029,0.1,"Alimentos fuera del hogarBebidas no alcohólicasFrutasGranosPanes y
cerealesGrasasLeguminosasLácteosProductos no especificados previamenteRaíces y
tubérculosVegetales"
2021,VEN,28704946.98902893,25507087.72901535,25744427.470848083,23572250.616203308,23880504.43106079,25287458.12391281,25523131.591579437,23258676.789611816,23720757.641929626,0.0,0.0,0.9146413120871209,0.9231519164801646,0.8452613038973118,0.856314767807909,0.9067657634428258,0.9152166180437421,0.8340170733039632,0.8505865163365964,0.1,"Alimentos fuera del hogarBebidas no alcohólicasFrutasGranosPanes y
cerealesGrasasLeguminosasLácteosProductos no especificados previamenteRaíces y
tubérculosVegetales"
2020,ARG,28644818.0,3712105.0,3895182.0,1768580.0,1940496.0,9345989.0,9677568.0,2615991.0,2969216.0,3161217.5658166856,3367586.8335618307,0.1441048702846344,0.1512119664839876,0.0686567302077928,0.0753305535182469,0.4485814255681058,0.46449629348721494,0.1255602774680491,0.14251409306170046,0.2,"Alimentos fuera del hogarBebidas no alcohólicasFrutasGranosPanes y
cerealesGrasasLeguminosasLácteosProductos no especificados previamenteRaíces y
tubérculosVegetales"
2014,BHS,257918.38403320312,13880.45860671997,12646.846118927002,6553.2056312561035,6236.448661804199,10644.299877166748,10596.961643218994,6016.8191566467285,6236.448661804199,0.0,3842.514862420715,0.07016777453191322,0.06393168065665011,0.033127425269120936,0.03152617186362085,0.05380851274391729,0.053569210958544236,0.030415912178758265,0.03152617186362085,0.2,"Alimentos fuera del hogarBebidas no alcohólicasFrutasGranosPanes y
cerealesGrasasLeguminosasLácteosProductos no especificados previamenteRaíces y
tubérculosVegetales"
2007,BLZ,313923.68988609314,21142.142431259155,20643.136323928833,13696.16300201416,13664.836826324463,19310.166982650757,19426.837450027466,11562.428081512451,12933.287673950195,1366.6416801172086,10235.031335650347,0.08792572674680219,0.08585046522679461,0.056959463285719526,0.05682918430511621,0.0803069258979802,0.08079213385017046,0.04808570821666102,0.053786825136330506,0.2,"Alimentos fuera del hogarBebidas no alcohólicasFrutasGranosPanes y
cerealesGrasasLeguminosasLácteosProductos no especificados previamenteRaíces y
tubérculosVegetales"
2020,BOL,11749037.995095253,3654710.3301267624,3647317.610423088,1931650.789530754,1921818.5963697433,4538500.133379936,4636448.494662285,1714047.6042966843,1877596.0579137802,1009172.3521702937,1630661.3792835635,0.31316000686331497,0.3125265492308298,0.1655167495821748,0.16467426155996354,0.3888890238995002,0.39728189411922205,0.14687105434891756,0.16088497890951,0.2,"Alimentos fuera del hogarBebidas no alcohólicasFrutasGranosPanes y
cerealesGrasasLeguminosasLácteosProductos no especificados previamenteRaíces y
tubérculosVegetales"
2020,BRA,211096452.99566078,49255527.901926994,50598659.458880424,22233642.322719574,22734816.637628555,46497642.96545887,48524132.602957726,8674885.643491745,10153881.48541069,9059828.414216157,6595708.879493949,0.23905129909464984,0.2455699043603174,0.1079062859997074,0.11033862966051254,0.22566648717812832,0.23550162652351325,0.04210172483996663,0.049279718710426745,0.2,"Alimentos fuera del hogarBebidas no alcohólicasFrutasGranosPanes y
cerealesGrasasLeguminosasLácteosProductos no especificados previamenteRaíces y
tubérculosVegetales"
2016,BRB,278999.9999694824,12051.320274353027,12004.891143798828,4412.18737411499,4364.054836273193,10226.09602355957,10226.09602355957,3090.0795555114746,3090.0795555114746,0.0,0.0,0.051367526835125236,0.05116962738880897,0.018806499883982197,0.018601339837369467,0.04358769412399205,0.04358769412399205,0.013171149789140335,0.013171149789140335,0.2,"Alimentos fuera del hogarBebidas no alcohólicasFrutasGranosPanes y
cerealesGrasasLeguminosasLácteosProductos no especificados previamenteRaíces y
tubérculosVegetales"
2020,CHL,19545799.0,2782980.0,2894907.0,1313953.0,1349691.0,2112185.0,2453891.0,831232.0,1036451.0,7125334.009500122,4278901.823901138,0.145618639570975,0.1514751881165127,0.06875221824095082,0.07062219895981603,0.10813706196038599,0.12563130744278247,0.04255639836825636,0.0530629495076918,0.2,"Alimentos fuera del hogarBebidas no alcohólicasFrutasGranosPanes y
cerealesGrasasLeguminosasLácteosProductos no especificados previamenteRaíces y
tubérculosVegetales"
2020,COL,49620239.65705776,19151886.59699726,19685788.181113243,10404351.961862564,10832243.193228722,18939982.820563316,19197589.88556385,5191881.252938271,6026048.391430855,1417402.3675748543,3924546.1262640436,0.3957183703389995,0.40674990311869497,0.21497585535135438,0.22381699065679792,0.38169873727865755,0.3868903096447111,0.10463232924349249,0.12144335523324576,0.2,"Alimentos fuera del hogarBebidas no alcohólicasFrutasGranosPanes y
cerealesGrasasLeguminosasLácteosProductos no especificados previamenteRaíces y
tubérculosVegetales"
2021,CRI,5163413.0,1106722.0,1128766.0,458778.0,472960.0,1351668.0,1413407.0,376776.0,448427.0,0.0,0.0,0.21698686968302547,0.22130887516885897,0.08994923937487379,0.09272980015332101,0.2622203451876859,0.27419756288577635,0.07309363895456246,0.08699376084325323,0.2,"Alimentos fuera del hogarBebidas no alcohólicasFrutasGranosPanes y
cerealesGrasasLeguminosasLácteosProductos no especificados previamenteRaíces y
tubérculosVegetales"
2020,DOM,10480963.994644165,3145153.9529418945,3102787.014602661,1341668.5532684326,1330108.4323730469,2367297.6797180176,2415727.492462158,325918.0559082031,411232.0117034912,346446.9206372675,546730.4226775067,0.3052417632325997,0.30112999027810317,0.1302108834737075,0.12908895693590194,0.22586640703352484,0.23048714733650544,0.03109619077737021,0.03923608667233598,0.2,"Alimentos fuera del hogarBebidas no alcohólicasFrutasGranosPanes y
cerealesGrasasLeguminosasLácteosProductos no especificados previamenteRaíces y
tubérculosVegetales"
2020,ECU,17695544.989904404,7739928.554145813,7770075.805095673,4354620.2579193115,4473597.006652832,5533934.7630729675,5780408.999856949,2512521.3625125885,2876990.030237198,1802759.3173361416,2535790.768454372,0.4450711863212004,0.44680475177347967,0.25040489593826387,0.25724644781216377,0.31821933404097624,0.3323924081456849,0.14447818938481766,0.16543632888007317,0.2,"Alimentos fuera del hogarBebidas no alcohólicasFrutasGranosPanes y
cerealesGrasasLeguminosasLácteosProductos no especificados previamenteRaíces y
tubérculosVegetales"
2014,GTM,16002003.998764038,10104145.231903076,10069852.231903076,6816902.00402832,6772846.00402832,9486743.199783325,9885375.281326294,3737409.676925659,4528946.676925659,47490604.14045719,93031033.85163547,0.6340891710183328,0.631937101798952,0.4277970715424286,0.4250323218404766,0.5928471959209648,0.61775858086836,0.23355885157973522,0.28302371860896086,0.2,"Alimentos fuera del hogarBebidas no alcohólicasFrutasGranosPanes y
cerealesGrasasLeguminosasLácteosProductos no especificados previamenteRaíces y
tubérculosVegetales"
2019,GUY,745059.1476888657,336226.55355262756,236600.63825702667,212564.0526828766,154531.8632106781,299922.63168144226,216837.103433609,189381.52050876617,142907.66663360596,0.0,0.0,0.5456881149417181,0.3839975008525773,0.34498666445966814,0.25080172949715374,0.48676766835129825,0.35192172947633554,0.3073619374772231,0.2319359205631737,0.2,"Alimentos fuera del hogarBebidas no alcohólicasFrutasGranosPanes y
cerealesGrasasLeguminosasLácteosProductos no especificados previamenteRaíces y
tubérculosVegetales"
2019,HND,2251019.1909561157,297621.0418586731,297628.476020813,208525.1350631714,207647.48141479492,328202.57481765747,333068.63412857056,211485.94050598145,223038.25309753418,51997.78496253929,118866.15518284075,0.5721087779449855,0.5721230684312708,0.4008421563434141,0.3991550667710644,0.6303425902136706,0.6396882951700634,0.40617778701577234,0.4283650433039445,0.2,"Alimentos fuera del hogarBebidas no alcohólicasFrutasGranosPanes y
cerealesGrasasLeguminosasLácteosProductos no especificados previamenteRaíces y
tubérculosVegetales"
2018,JAM,3157964.7343235016,0.0,0.0,0.0,0.0,353107.1140060425,416728.01289749146,97747.99367141724,142554.7681159973,0.0,0.0,,,,,0.11332047995837581,0.13373794115299487,0.03136965843634556,0.04574921915332283,0.2,"Alimentos fuera del hogarBebidas no alcohólicasFrutasGranosPanes y
cerealesGrasasLeguminosasLácteosProductos no especificados previamenteRaíces y
tubérculosVegetales"
2020,MEX,126760856.0,47125445.0,46680289.0,22179191.0,21959593.0,66887453.0,68703453.0,18855506.0,22502246.0,21246442.243153397,40848518.19518289,0.37364017963514623,0.37011070277173064,0.17585058155742017,0.1741094704407502,0.5276664666890543,0.5419926558400647,0.14874864839978677,0.17751730865559948,0.2,"Alimentos fuera del hogarBebidas no alcohólicasFrutasGranosPanes y
cerealesGrasasLeguminosasLácteosProductos no especificados previamenteRaíces y
tubérculosVegetales"
2014,NIC,6240907.859611034,3359119.939838648,3376995.142585993,2121065.7568950653,2131265.529066086,2473974.7280521393,2591625.7843208313,1399767.9736042023,1570626.889289856,616218.3095322137,893122.5682327859,0.565824218045579,0.5688351919905607,0.3572811911491474,0.3589992834519748,0.41672665490826905,0.4365442911069535,0.23578277444534668,0.26456296511891764,0.2,"Alimentos fuera del hogarBebidas no alcohólicasFrutasGranosPanes y
cerealesGrasasLeguminosasLácteosProductos no especificados previamenteRaíces y
tubérculosVegetales"
2019,PAN,4076474.0,748838.0,746812.0,427807.0,427402.0,873663.0,892826.0,387056.0,419536.0,185651.74879999968,305636.50879999937,0.18699861231496182,0.18649268287688558,0.1068312710340913,0.10673013509015208,0.21816970911055059,0.22295506242834642,0.09665499732676475,0.1047658503123103,0.2,"Alimentos fuera del hogarBebidas no alcohólicasFrutasGranosPanes y
cerealesGrasasLeguminosasLácteosProductos no especificados previamenteRaíces y
tubérculosVegetales"
2020,PER,33221603.712699294,13585553.392918825,13511337.809033632,7368233.739876628,7289256.597670436,9984368.428366065,10598819.679494262,1703729.5014824867,2239103.481588006,0.0,0.0,0.411426656228921,0.40917910188683015,0.22314054365210148,0.22074878966191466,0.3005384241745512,0.3190339566732823,0.05128378257161676,0.06739901845051767,0.2,"Alimentos fuera del hogarBebidas no alcohólicasFrutasGranosPanes y
cerealesGrasasLeguminosasLácteosProductos no especificados previamenteRaíces y
tubérculosVegetales"
2020,PRY,7221008.0,1901966.0,1946407.0,849847.0,855963.0,1863389.0,1916950.0,269304.0,339421.0,329422.6728213125,381563.8719088953,0.2670484038798811,0.2732882094898793,0.11932404937422926,0.12018277557550171,0.25805109203590415,0.26546847753111474,0.037294516222665865,0.04700465641361982,0.2,"Alimentos fuera del hogarBebidas no alcohólicasFrutasGranosPanes y
cerealesGrasasLeguminosasLácteosProductos no especificados previamenteRaíces y
tubérculosVegetales"
2020,SLV,6321041.993896484,2262398.5143756866,2199344.8392734528,1184968.5243492126,1176012.4156036377,1814047.6373729706,1942981.0193443298,550173.576871872,668441.8398151398,992292.5701714072,883337.0908565695,0.3753674450784037,0.3649058501049555,0.19660488842127496,0.19511892932242075,0.2869855380053781,0.3073830265991662,0.08703843091109224,0.1057486788508253,0.2,"Alimentos fuera del hogarBebidas no alcohólicasFrutasGranosPanes y
cerealesGrasasLeguminosasLácteosProductos no especificados previamenteRaíces y
tubérculosVegetales"
2017,SUR,494372.2035036087,261716.33835744858,272311.0623912811,160701.36847877502,169590.13210487366,129338.43584489822,138599.5138669014,8341.4700050354,11026.742134094238,39340.386686150836,11345.59892191173,0.5915520114560939,0.6154990464496678,0.3632299701424458,0.3833210582089267,0.2616215776863638,0.2803545848343589,0.016872853987177115,0.02230453503645204,0.2,"Alimentos fuera del hogarBebidas no alcohólicasFrutasGranosPanes y
cerealesGrasasLeguminosasLácteosProductos no especificados previamenteRaíces y
tubérculosVegetales"
2015,TTO,1370327.9436531067,118634.7395439148,118634.7395439148,50696.49639892578,50531.897384643555,101598.74156570435,109828.69227981567,35306.4885635376,41273.20283126831,99891.44077188446,71704.25203922421,0.13243603289080802,0.13243603289080802,0.05659423951490652,0.05641049198401397,0.11341816344342873,0.12260553998805641,0.039413845376452754,0.046074693371307825,0.2,"Alimentos fuera del hogarBebidas no alcohólicasFrutasGranosPanes y
cerealesGrasasLeguminosasLácteosProductos no especificados previamenteRaíces y
tubérculosVegetales"
2020,URY,3530882.831489086,416952.28211545944,444296.93999409676,164979.90987730026,172135.6838502884,611005.5813837051,645379.7238349915,168771.57465457916,210450.41067886353,437183.0314329037,525583.8303693335,0.1193634435580371,0.12719156362671857,0.047229793445274997,0.049278320001851846,0.17491625146434336,0.18475674446158247,0.04831525618057285,0.06024690784610259,0.2,"Alimentos fuera del hogarBebidas no alcohólicasFrutasGranosPanes y
cerealesGrasasLeguminosasLácteosProductos no especificados previamenteRaíces y
tubérculosVegetales"
2021,VEN,28704946.98902893,25714028.534111023,26000949.881088257,23876264.28504944,24375819.337963104,25287458.12391281,25656468.901355743,23258676.789611816,23992375.828971863,0.0,0.0,0.9220618616813328,0.9323503791339361,0.8561627232957144,0.8740759282021666,0.9067657634428258,0.9199978699553524,0.8340170733039632,0.8603262881844203,0.2,"Alimentos fuera del hogarBebidas no alcohólicasFrutasGranosPanes y
cerealesGrasasLeguminosasLácteosProductos no especificados previamenteRaíces y
tubérculosVegetales"
2020,ARG,28644818.0,3993351.0,4693409.0,1959117.0,2170915.0,9345989.0,9893677.0,2615991.0,3282416.0,7832345.8038069345,9530373.227644287,0.15502291229801288,0.18219934380566705,0.07605342552471497,0.08427547832670872,0.4485814255681058,0.4748689232108427,0.1255602774680491,0.15754682020143182,0.3,"Alimentos fuera del hogarBebidas no alcohólicasFrutasGranosPanes y
cerealesGrasasLeguminosasLácteosProductos no especificados previamenteRaíces y
tubérculosVegetales"
2014,BHS,257918.38403320312,16401.90365600586,14880.185081481934,7278.295211791992,6831.749572753906,10644.299877166748,11267.158851623535,6016.8191566467285,6506.311050415039,17588.092721428166,12845.814196211715,0.08291405278724742,0.07522153996302951,0.03679286051474388,0.03453550615736954,0.05380851274391729,0.056957157131193065,0.030415912178758265,0.032890366215925726,0.3,"Alimentos fuera del hogarBebidas no alcohólicasFrutasGranosPanes y
cerealesGrasasLeguminosasLácteosProductos no especificados previamenteRaíces y
tubérculosVegetales"
2007,BLZ,313923.68988609314,22670.03222465515,23005.010957717896,14270.150218963623,14238.824043273926,19310.166982650757,19426.837450027466,11562.428081512451,13514.427307128906,2049.9625201758104,21690.773958922622,0.09427989926787736,0.09567300541334148,0.05934655548121233,0.05921627650060901,0.0803069258979802,0.08079213385017046,0.04808570821666102,0.056203662727636286,0.3,"Alimentos fuera del hogarBebidas no alcohólicasFrutasGranosPanes y
cerealesGrasasLeguminosasLácteosProductos no especificados previamenteRaíces y
tubérculosVegetales"
2020,BOL,11749037.995095253,3932022.851778984,3968182.1480436325,2145996.528532982,2159293.8295812607,4538500.133379936,4810666.633246422,1714047.6042966843,2003226.0784254074,3828588.149789527,4072177.628563751,0.3369219971004128,0.3400203672702909,0.18388332505157234,0.18502272667615965,0.3888890238995002,0.41221006859723325,0.14687105434891756,0.1716497986987421,0.3,"Alimentos fuera del hogarBebidas no alcohólicasFrutasGranosPanes y
cerealesGrasasLeguminosasLácteosProductos no especificados previamenteRaíces y
tubérculosVegetales"
2020,BRA,211096452.99566078,51521577.24114895,56485248.782606125,26244296.883021355,27475634.232502937,46497642.96545887,50036130.722340584,8674885.643491745,10618624.362981796,23682089.569576897,12995648.1049622,0.25004909084367277,0.27413922205954505,0.1273711506290948,0.13334718632611184,0.22566648717812832,0.2428397899756808,0.04210172483996663,0.051535250086510366,0.3,"Alimentos fuera del hogarBebidas no alcohólicasFrutasGranosPanes y
cerealesGrasasLeguminosasLácteosProductos no especificados previamenteRaíces y
tubérculosVegetales"
2016,BRB,278999.9999694824,12051.320274353027,12051.320274353027,4541.322742462158,4541.322742462158,10226.09602355957,10226.09602355957,3090.0795555114746,4364.054836273193,0.0,33240.122020359595,0.051367526835125236,0.051367526835125236,0.019356926256190867,0.019356926256190867,0.04358769412399205,0.04358769412399205,0.013171149789140335,0.018601339837369467,0.3,"Alimentos fuera del hogarBebidas no alcohólicasFrutasGranosPanes y
cerealesGrasasLeguminosasLácteosProductos no especificados previamenteRaíces y
tubérculosVegetales"
2020,CHL,19545799.0,3089117.0,3340871.0,1425156.0,1501843.0,2112185.0,2733450.0,831232.0,1174385.0,19407928.85870829,10720752.326984502,0.1616371713111742,0.1748101279930588,0.07457088369173061,0.0785835092272283,0.10813706196038599,0.1399438268975573,0.04255639836825636,0.06012472558528154,0.3,"Alimentos fuera del hogarBebidas no alcohólicasFrutasGranosPanes y
cerealesGrasasLeguminosasLácteosProductos no especificados previamenteRaíces y
tubérculosVegetales"
2020,COL,49620239.65705776,20448651.130503654,21427230.57792759,11218148.58100605,11897203.664916992,18939982.820563316,19874578.105229378,5191881.252938271,6582212.3158741,6875229.135386432,9875421.921762768,0.42251226060738784,0.44273177591313073,0.23179060988135133,0.24582132011006483,0.38169873727865755,0.4005336983978574,0.10463232924349249,0.13265176390452751,0.3,"Alimentos fuera del hogarBebidas no alcohólicasFrutasGranosPanes y
cerealesGrasasLeguminosasLácteosProductos no especificados previamenteRaíces y
tubérculosVegetales"
2021,CRI,5163413.0,1226160.0,1290440.0,531694.0,553045.0,1351668.0,1465348.0,376776.0,494870.0,0.0,0.0,0.2404042027993828,0.2530071111930217,0.10424534498207007,0.10843147903795969,0.2622203451876859,0.28427399211942955,0.07309363895456246,0.09600359128353272,0.3,"Alimentos fuera del hogarBebidas no alcohólicasFrutasGranosPanes y
cerealesGrasasLeguminosasLácteosProductos no especificados previamenteRaíces y
tubérculosVegetales"
2020,DOM,10480963.994644165,3386380.507949829,3504710.9900665283,1559022.098953247,1573557.2138214111,2367297.6797180176,2551810.653274536,325918.0559082031,479984.33543395996,1804498.6484589935,1469220.2461879267,0.3286531510663412,0.34013729637238566,0.1513053610485278,0.15271601507613008,0.22586640703352484,0.2434709874567384,0.03109619077737021,0.04579581951423885,0.3,"Alimentos fuera del hogarBebidas no alcohólicasFrutasGranosPanes y
cerealesGrasasLeguminosasLácteosProductos no especificados previamenteRaíces y
tubérculosVegetales"
2020,ECU,17695544.989904404,8179434.142337799,8460680.545822144,4673870.461156845,4920472.658332825,5533934.7630729675,6031380.291231155,2512521.3625125885,3073042.5873966217,5272057.151641799,5809680.233332229,0.47034419396758587,0.48651678129467424,0.2687628259494014,0.2829432581948306,0.31821933404097624,0.3468240775859216,0.14447818938481766,0.1767099916259019,0.3,"Alimentos fuera del hogarBebidas no alcohólicasFrutasGranosPanes y
cerealesGrasasLeguminosasLácteosProductos no especificados previamenteRaíces y
tubérculosVegetales"
2014,GTM,16002003.998764038,10570354.231903076,10616141.231903076,7287267.085571289,7315389.085571289,9486743.199783325,10315292.281326294,3737409.676925659,5164636.676925659,145566988.8877771,249455035.31516823,0.663346280011372,0.6662196592242664,0.45731499688754723,0.4590798028417486,0.5928471959209648,0.6446250283478886,0.23355885157973522,0.32274936797444653,0.3,"Alimentos fuera del hogarBebidas no alcohólicasFrutasGranosPanes y
cerealesGrasasLeguminosasLácteosProductos no especificados previamenteRaíces y
tubérculosVegetales"
2019,GUY,745059.1476888657,351144.20728206635,260361.23189926147,224202.22128295898,166818.57803821564,299922.63168144226,226514.3452205658,189381.52050876617,157865.07681179047,0.0,0.0,0.5698991305707872,0.4225604085632492,0.36387514967194273,0.27074279061270884,0.48676766835129825,0.3676276746872723,0.3073619374772231,0.2562114600121007,0.3,"Alimentos fuera del hogarBebidas no alcohólicasFrutasGranosPanes y
cerealesGrasasLeguminosasLácteosProductos no especificados previamenteRaíces y
tubérculosVegetales"
2019,HND,2251019.1909561157,308192.7861709595,312318.0228538513,216808.5616760254,220817.93983459473,328202.57481765747,341558.010181427,211485.94050598145,236934.15936279297,191298.10025138943,377757.61156123196,0.5924305525126621,0.6003603820120957,0.41676516046664813,0.42447227829774437,0.6303425902136706,0.6559929061056372,0.40617778701577234,0.4550533822162032,0.3,"Alimentos fuera del hogarBebidas no alcohólicasFrutasGranosPanes y
cerealesGrasasLeguminosasLácteosProductos no especificados previamenteRaíces y
tubérculosVegetales"
2018,JAM,3157964.7343235016,0.0,0.0,0.0,0.0,353107.1140060425,472471.22804260254,97747.99367141724,181912.73178100586,0.0,0.0,,,,,0.11332047995837581,0.151627266074834,0.03136965843634556,0.05838012676122438,0.3,"Alimentos fuera del hogarBebidas no alcohólicasFrutasGranosPanes y
cerealesGrasasLeguminosasLácteosProductos no especificados previamenteRaíces y
tubérculosVegetales"
2020,MEX,126760856.0,51432086.0,51810494.0,25125807.0,25365232.0,66887453.0,70941655.0,18855506.0,25111306.0,67221525.75465924,103684871.06643064,0.4077859392532057,0.41078619597429084,0.1992132072377887,0.2011115192857523,0.5276664666890543,0.5596495419690128,0.14874864839978677,0.1980998455864009,0.3,"Alimentos fuera del hogarBebidas no alcohólicasFrutasGranosPanes y
cerealesGrasasLeguminosasLácteosProductos no especificados previamenteRaíces y
tubérculosVegetales"
2014,NIC,6240907.859611034,3556512.549991846,3645281.0937883854,2264552.685443878,2328497.9027626514,2473974.7280521393,2731816.420274973,1399767.9736042023,1718392.3397359848,1982863.6857605388,2455415.1600313396,0.5990738552387285,0.6140264001851093,0.3814507297783021,0.3922219297459006,0.41672665490826905,0.4601585884189675,0.23578277444534668,0.28945319587883794,0.3,"Alimentos fuera del hogarBebidas no alcohólicasFrutasGranosPanes y
cerealesGrasasLeguminosasLácteosProductos no especificados previamenteRaíces y
tubérculosVegetales"
2019,PAN,4076474.0,792884.0,819304.0,454183.0,459723.0,873663.0,935524.0,387056.0,446943.0,876950.7599999994,829886.6814000008,0.19799770808470746,0.20459526768686614,0.11341784302752571,0.11480128285326223,0.21816970911055059,0.23361753782172157,0.09665499732676475,0.11160988195562455,0.3,"Alimentos fuera del hogarBebidas no alcohólicasFrutasGranosPanes y
cerealesGrasasLeguminosasLácteosProductos no especificados previamenteRaíces y
tubérculosVegetales"
2020,PER,33221603.712699294,14502837.801457763,14714283.722847342,8031030.068060875,8128342.288532257,9984368.428366065,11342212.545284152,1703729.5014824867,2701182.550380349,0.0,0.0,0.4392058159069366,0.44560927154061747,0.2432127533868765,0.2461597692588704,0.3005384241745512,0.34141074715632935,0.05128378257161676,0.08130801191117076,0.3,"Alimentos fuera del hogarBebidas no alcohólicasFrutasGranosPanes y
cerealesGrasasLeguminosasLácteosProductos no especificados previamenteRaíces y
tubérculosVegetales"
2020,PRY,7221008.0,2076356.0,2163708.0,947242.0,981132.0,1863389.0,1999005.0,269304.0,381113.0,1144349.2029443416,890159.01198124,0.2915338947627951,0.30379868402596566,0.1329989411945252,0.13775731774147146,0.25805109203590415,0.2768318495146384,0.037294516222665865,0.05277836556890672,0.3,"Alimentos fuera del hogarBebidas no alcohólicasFrutasGranosPanes y
cerealesGrasasLeguminosasLácteosProductos no especificados previamenteRaíces y
tubérculosVegetales"
2020,SLV,6321041.993896484,2450583.010240555,2473381.16163826,1329187.0964488983,1355533.0970802307,1814047.6373729706,2059833.3523044586,550173.576871872,769658.7639389038,2833686.3990557217,2496774.599142284,0.40659020842770505,0.4103727797953443,0.22053301452192936,0.22490422979730107,0.2869855380053781,0.32586927191646675,0.08703843091109224,0.12176137489389822,0.3,"Alimentos fuera del hogarBebidas no alcohólicasFrutasGranosPanes y
cerealesGrasasLeguminosasLácteosProductos no especificados previamenteRaíces y
tubérculosVegetales"
2017,SUR,494372.2035036087,272957.8086452484,286688.8711299896,169590.13210487366,187335.4712047577,129338.43584489822,144671.17781496048,8341.4700050354,13592.578201293945,97983.24131737341,33517.09232597923,0.6169608735936558,0.6479969093385246,0.3833210582089267,0.4234304801288139,0.2616215776863638,0.2926361490182456,0.016872853987177115,0.027494624707788056,0.3,"Alimentos fuera del hogarBebidas no alcohólicasFrutasGranosPanes y
cerealesGrasasLeguminosasLácteosProductos no especificados previamenteRaíces y
tubérculosVegetales"
2015,TTO,1370327.9436531067,157644.7059288025,159496.44483947754,55387.56830596924,63823.26778793335,101598.74156570435,114478.61443328857,35306.4885635376,50490.747631073,233656.9592312669,273712.43795662734,0.17598419771234325,0.17805135743488446,0.061831044145344294,0.07124810510358767,0.11341816344342873,0.12779640773577106,0.039413845376452754,0.05636455510129083,0.3,"Alimentos fuera del hogarBebidas no alcohólicasFrutasGranosPanes y
cerealesGrasasLeguminosasLácteosProductos no especificados previamenteRaíces y
tubérculosVegetales"
2020,URY,3530882.831489086,472150.8620688915,504501.0207002163,186477.15978050232,204265.1941394806,611005.5813837051,678663.5794415474,168771.57465457916,240344.47070765495,1290328.4438875138,1350008.0334259518,0.13516547382712865,0.14442654877386418,0.05338394077948559,0.05847622861742186,0.17491625146434336,0.19428511447056795,0.04831525618057285,0.0688048606383579,0.3,"Alimentos fuera del hogarBebidas no alcohólicasFrutasGranosPanes y
cerealesGrasasLeguminosasLácteosProductos no especificados previamenteRaíces y
tubérculosVegetales"
2021,VEN,28704946.98902893,25889120.202774048,26178466.85177231,24192642.755737305,24644923.307487488,25287458.12391281,25812806.746253967,23258676.789611816,24333837.826374054,0.0,0.0,0.9283403547520763,0.9387158394604593,0.8675075237143405,0.8837255444338797,0.9067657634428258,0.9256038824137611,0.8340170733039632,0.8725705417287618,0.3,"Alimentos fuera del hogarBebidas no alcohólicasFrutasGranosPanes y
cerealesGrasasLeguminosasLácteosProductos no especificados previamenteRaíces y
tubérculosVegetales"
2020,ARG,28644818.0,4662679.0,5020604.0,2170141.0,2489851.0,9345989.0,10121808.0,2615991.0,3677724.0,14793051.735449702,20244762.242525756,0.18100639730661952,0.19490113781008797,0.08424543144775451,0.0966566558281803,0.4485814255681058,0.4858185754302362,0.1255602774680491,0.17652050251354207,0.4,"Alimentos fuera del hogarBebidas no alcohólicasFrutasGranosPanes y
cerealesGrasasLeguminosasLácteosProductos no especificados previamenteRaíces y
tubérculosVegetales"
2014,BHS,257918.38403320312,17668.003288269043,17440.70584487915,7763.473690032959,7323.025806427002,10644.299877166748,12599.507884979248,6016.8191566467285,7105.630382537842,70070.85583634554,38098.46327211297,0.08931437399050876,0.08816535174193976,0.039245509597423844,0.037018980297090866,0.05380851274391729,0.06369237887127706,0.030415912178758265,0.03592001422400022,0.4,"Alimentos fuera del hogarBebidas no alcohólicasFrutasGranosPanes y
cerealesGrasasLeguminosasLácteosProductos no especificados previamenteRaíces y
tubérculosVegetales"
2007,BLZ,313923.68988609314,23169.606813430786,23863.196435928345,14806.228038787842,15377.758472442627,19310.166982650757,19834.396152496338,11562.428081512451,14057.088348388672,8660.027769400976,36812.44310361284,0.09635752498273337,0.09924201844504073,0.061575990461803294,0.06395286541193668,0.0803069258979802,0.08248708483364207,0.04808570821666102,0.05846047594252577,0.4,"Alimentos fuera del hogarBebidas no alcohólicasFrutasGranosPanes y
cerealesGrasasLeguminosasLácteosProductos no especificados previamenteRaíces y
tubérculosVegetales"
2020,BOL,11749037.995095253,4185749.6217508316,4376590.24124527,2283432.451704979,2323707.500117302,4538500.133379936,4970112.731417656,1714047.6042966843,2166071.269217491,7828647.873506325,8235867.165092268,0.3586630025012525,0.3750155022378335,0.19565975348394984,0.19911078880493135,0.3888890238995002,0.4258724759256687,0.14687105434891756,0.18560346300032246,0.4,"Alimentos fuera del hogarBebidas no alcohólicasFrutasGranosPanes y
cerealesGrasasLeguminosasLácteosProductos no especificados previamenteRaíces y
tubérculosVegetales"
2020,BRA,211096452.99566078,59737118.208675385,64712351.48306084,28064095.070981026,30725150.77854824,46497642.96545887,51088052.68087864,8674885.643491745,11070557.586530685,40938001.76528978,21349640.650120728,0.2899214833386414,0.3140677269827835,0.13620315668916647,0.14911802839907434,0.22566648717812832,0.24794507097551904,0.04210172483996663,0.05372861251292684,0.4,"Alimentos fuera del hogarBebidas no alcohólicasFrutasGranosPanes y
cerealesGrasasLeguminosasLácteosProductos no especificados previamenteRaíces y
tubérculosVegetales"
2016,BRB,278999.9999694824,16375.750045776367,16715.461654663086,4541.322742462158,4541.322742462158,10226.09602355957,10226.09602355957,3090.0795555114746,4493.190204620361,0.0,48812.636465556534,0.06979996886414833,0.07124795504229585,0.019356926256190867,0.019356926256190867,0.04358769412399205,0.04358769412399205,0.013171149789140335,0.01915176620957814,0.4,"Alimentos fuera del hogarBebidas no alcohólicasFrutasGranosPanes y
cerealesGrasasLeguminosasLácteosProductos no especificados previamenteRaíces y
tubérculosVegetales"
2020,CHL,19545799.0,3418100.0,3813948.0,1533001.0,1677288.0,2112185.0,3026630.0,831232.0,1351052.0,38070292.27819402,21641734.74305994,0.17885111352490843,0.19956374790851567,0.08021384274444812,0.08776361911645844,0.10813706196038599,0.1549536976359377,0.04255639836825636,0.06916950638116615,0.4,"Alimentos fuera del hogarBebidas no alcohólicasFrutasGranosPanes y
cerealesGrasasLeguminosasLácteosProductos no especificados previamenteRaíces y
tubérculosVegetales"
2020,COL,49620239.65705776,21462339.433566093,22978474.250730515,11920027.663005829,13400554.94548893,18939982.820563316,20463211.45343399,5191881.252938271,7182977.832653046,14800260.100264862,18704565.64548775,0.4434571989187115,0.47478374192135164,0.24629291204867576,0.27688372828494656,0.38169873727865755,0.41239646553225373,0.10463232924349249,0.14475903144154545,0.4,"Alimentos fuera del hogarBebidas no alcohólicasFrutasGranosPanes y
cerealesGrasasLeguminosasLácteosProductos no especificados previamenteRaíces y
tubérculosVegetales"
2021,CRI,5163413.0,1336529.0,1454769.0,577539.0,631285.0,1351668.0,1521786.0,376776.0,537322.0,0.0,0.0,0.26204344356630155,0.2852258936046318,0.11323383806399878,0.12377142229742315,0.2622203451876859,0.2952228285509369,0.07309363895456246,0.10423917731050654,0.4,"Alimentos fuera del hogarBebidas no alcohólicasFrutasGranosPanes y
cerealesGrasasLeguminosasLácteosProductos no especificados previamenteRaíces y
tubérculosVegetales"
2020,DOM,10480963.994644165,3764148.9587860107,3955017.4940338135,1733923.984085083,1805459.4277038574,2367297.6797180176,2707208.774307251,325918.0559082031,538797.0154571533,4362251.981076037,2699333.036921917,0.3653161283807029,0.38384019719144175,0.16827984325484716,0.17522246204887995,0.22586640703352484,0.2582976886182083,0.03109619077737021,0.051407200304521776,0.4,"Alimentos fuera del hogarBebidas no alcohólicasFrutasGranosPanes y
cerealesGrasasLeguminosasLácteosProductos no especificados previamenteRaíces y
tubérculosVegetales"
2020,ECU,17695544.989904404,8714720.658771515,9068005.792032242,5033356.00970459,5387689.0583229065,5533934.7630729675,6226909.603342056,2512521.3625125885,3241076.0413455963,9696929.907754075,10038646.788615733,0.5011249180045391,0.5214399677197942,0.28943441980691464,0.3098097280798689,0.31821933404097624,0.35806765203147034,0.14447818938481766,0.18637246436935637,0.4,"Alimentos fuera del hogarBebidas no alcohólicasFrutasGranosPanes y
cerealesGrasasLeguminosasLácteosProductos no especificados previamenteRaíces y
tubérculosVegetales"
2014,GTM,16002003.998764038,10950616.731903076,11075961.731903076,7661259.126342773,7798266.126342773,9486743.199783325,10610277.281326294,3737409.676925659,5815331.211135864,262091760.61168066,482610332.1881598,0.6872097863110479,0.6950758556634896,0.4807849983233421,0.48938292056810645,0.5928471959209648,0.6630592819590477,0.23355885157973522,0.36341268328548276,0.4,"Alimentos fuera del hogarBebidas no alcohólicasFrutasGranosPanes y
cerealesGrasasLeguminosasLácteosProductos no especificados previamenteRaíces y
tubérculosVegetales"
2019,GUY,745059.1476888657,368334.4549360275,282300.3583621979,235098.5542268753,175781.80963611603,299922.63168144226,233453.0261335373,189381.52050876617,164292.80158424377,0.0,0.0,0.5977985148953008,0.45816711611365046,0.381559652341695,0.285289913386814,0.48676766835129825,0.378888997350739,0.3073619374772231,0.2666435123809069,0.4,"Alimentos fuera del hogarBebidas no alcohólicasFrutasGranosPanes y
cerealesGrasasLeguminosasLácteosProductos no especificados previamenteRaíces y
tubérculosVegetales"
2019,HND,2251019.1909561157,318725.87801742554,326272.956035614,227170.58459091187,233500.1151008606,328202.57481765747,346370.64992904663,211485.94050598145,244276.01960372925,341785.45149870415,639169.6331621176,0.612678026503851,0.6271855678896229,0.436683793335653,0.4488508764907876,0.6303425902136706,0.6652360139818178,0.40617778701577234,0.46915408573393064,0.4,"Alimentos fuera del hogarBebidas no alcohólicasFrutasGranosPanes y
cerealesGrasasLeguminosasLácteosProductos no especificados previamenteRaíces y
tubérculosVegetales"
2018,JAM,3157964.7343235016,0.0,0.0,0.0,0.0,353107.1140060425,519643.4379081726,97747.99367141724,219502.73197555542,0.0,0.0,,,,,0.11332047995837581,0.1667659513367009,0.03136965843634556,0.07044365279828095,0.4,"Alimentos fuera del hogarBebidas no alcohólicasFrutasGranosPanes y
cerealesGrasasLeguminosasLácteosProductos no especificados previamenteRaíces y
tubérculosVegetales"
2020,MEX,126760856.0,55434594.0,56474732.0,28162397.0,28922560.0,66887453.0,73040736.0,18855506.0,27599193.0,134083396.8157429,191610667.06091,0.4395203410845542,0.44776720961100186,0.22328920340245706,0.22931625396658417,0.5276664666890543,0.5762089205203853,0.14874864839978677,0.21772646439055288,0.4,"Alimentos fuera del hogarBebidas no alcohólicasFrutasGranosPanes y
cerealesGrasasLeguminosasLácteosProductos no especificados previamenteRaíces y
tubérculosVegetales"
2014,NIC,6240907.859611034,3745143.521434307,3857743.606463909,2385844.9727420807,2494901.961326599,2473974.7280521393,2834310.844328165,1399767.9736042023,1830266.4687080383,3675689.9284083922,4400189.56976106,0.6308476453466028,0.6498144748152762,0.4018817101673982,0.4202517256456799,0.41672665490826905,0.4774231780682181,0.23578277444534668,0.3082977422716003,0.4,"Alimentos fuera del hogarBebidas no alcohólicasFrutasGranosPanes y
cerealesGrasasLeguminosasLácteosProductos no especificados previamenteRaíces y
tubérculosVegetales"
2019,PAN,4076474.0,849065.0,874454.0,478868.0,505936.0,873663.0,961969.0,387056.0,479133.0,1649328.7383999948,1693966.3831999907,0.21202713639692836,0.21836723634920718,0.11958214124021635,0.12634151835267776,0.21816970911055059,0.24022134038338264,0.09665499732676475,0.11964831661094201,0.4,"Alimentos fuera del hogarBebidas no alcohólicasFrutasGranosPanes y
cerealesGrasasLeguminosasLácteosProductos no especificados previamenteRaíces y
tubérculosVegetales"
2020,PER,33221603.712699294,15513920.251734614,15893205.30165732,8751766.729632735,9006371.247572422,9984368.428366065,12109346.918396115,1703729.5014824867,3244630.2944794893,0.0,0.0,0.46982556761362626,0.48131188512562795,0.2650396356724863,0.27275011182661196,0.3005384241745512,0.3645021782547841,0.05128378257161676,0.09766627531106202,0.4,"Alimentos fuera del hogarBebidas no alcohólicasFrutasGranosPanes y
cerealesGrasasLeguminosasLácteosProductos no especificados previamenteRaíces y
tubérculosVegetales"
2020,PRY,7221008.0,2231338.0,2447356.0,1027796.0,1113826.0,1863389.0,2066902.0,269304.0,434678.0,2234709.3541102693,1743546.1084674841,0.31329437614369876,0.3436247091303684,0.1443092470181519,0.15638841887810426,0.25805109203590415,0.2862345534030706,0.037294516222665865,0.06019630500340119,0.4,"Alimentos fuera del hogarBebidas no alcohólicasFrutasGranosPanes y
cerealesGrasasLeguminosasLácteosProductos no especificados previamenteRaíces y
tubérculosVegetales"
2020,SLV,6321041.993896484,2659345.128982544,2723195.544742584,1435832.409564972,1472758.178182602,1814047.6373729706,2172974.769952774,550173.576871872,846452.9724769592,5541720.819591956,4496131.066276354,0.44122712258911617,0.4518209093507089,0.2382271468596239,0.2443537118018666,0.2869855380053781,0.343768443881716,0.08703843091109224,0.1339103542255032,0.4,"Alimentos fuera del hogarBebidas no alcohólicasFrutasGranosPanes y
cerealesGrasasLeguminosasLácteosProductos no especificados previamenteRaíces y
tubérculosVegetales"
2017,SUR,494372.2035036087,282766.2435207367,296140.63242149353,182917.6575565338,206957.55870199203,129338.43584489822,148875.68343400955,8341.4700050354,14844.393463134766,166798.9440729055,54893.22608216453,0.639130675510671,0.6693605293512561,0.4134449875674908,0.46778187752649225,0.2616215776863638,0.30114088611562245,0.016872853987177115,0.0300267558692272,0.4,"Alimentos fuera del hogarBebidas no alcohólicasFrutasGranosPanes y
cerealesGrasasLeguminosasLácteosProductos no especificados previamenteRaíces y
tubérculosVegetales"
2015,TTO,1370327.9436531067,164310.96600723267,170401.12953567505,65510.40768432617,68102.84215927124,101598.74156570435,117852.89422607422,35306.4885635376,55140.6697845459,392642.5939251323,476709.6480400864,0.18342597271349168,0.19022463135651616,0.07313151729523634,0.07602554090679406,0.11341816344342873,0.1315632321190684,0.039413845376452754,0.06155542284900547,0.4,"Alimentos fuera del hogarBebidas no alcohólicasFrutasGranosPanes y
cerealesGrasasLeguminosasLácteosProductos no especificados previamenteRaíces y
tubérculosVegetales"
2020,URY,3530882.831489086,517686.8279559612,578481.1315214634,208227.18155908585,235037.5648777485,611005.5813837051,707800.0424003601,168771.57465457916,266675.0034482479,2464346.4926903825,2474129.097047229,0.14820132931266558,0.16560528111615166,0.05961045064239389,0.06728562071171218,0.17491625146434336,0.20262618538213575,0.04831525618057285,0.07634266098972882,0.4,"Alimentos fuera del hogarBebidas no alcohólicasFrutasGranosPanes y
cerealesGrasasLeguminosasLácteosProductos no especificados previamenteRaíces y
tubérculosVegetales"
2021,VEN,28704946.98902893,26034665.74746704,26383919.831531525,24433499.242160797,24925295.763679504,25287458.12391281,25892459.442008972,23258676.789611816,24464636.085422516,0.0,0.0,0.9335593734570226,0.9460830381377672,0.8761442326600066,0.893779229665567,0.9067657634428258,0.9284600942608612,0.8340170733039632,0.8772607475470728,0.4,"Alimentos fuera del hogarBebidas no alcohólicasFrutasGranosPanes y
cerealesGrasasLeguminosasLácteosProductos no especificados previamenteRaíces y
tubérculosVegetales"
2020,ARG,28644818.0,4883482.0,5557243.0,2410986.0,2728610.0,9345989.0,10262896.0,2615991.0,4001056.0,21854086.91910725,33012432.99332776,0.1895780265233195,0.2157336017314145,0.09359509625618606,0.10592534158041227,0.4485814255681058,0.49259040623065264,0.1255602774680491,0.19203953741629945,0.5,"Alimentos fuera del hogarBebidas no alcohólicasFrutasGranosPanes y
cerealesGrasasLeguminosasLácteosProductos no especificados previamenteRaíces y
tubérculosVegetales"
2014,BHS,257918.38403320312,18350.687950134277,18350.687950134277,8496.612518310547,8496.612518310547,10644.299877166748,13833.120372772217,6016.8191566467285,7323.025806427002,141545.05341330508,57131.65065839905,0.09276544609031417,0.09276544609031417,0.042951634982810454,0.042951634982810454,0.05380851274391729,0.06992847274654017,0.030415912178758265,0.037018980297090866,0.5,"Alimentos fuera del hogarBebidas no alcohólicasFrutasGranosPanes y
cerealesGrasasLeguminosasLácteosProductos no especificados previamenteRaíces y
tubérculosVegetales"
2007,BLZ,313923.68988609314,25194.843797683716,26716.170333862305,15377.758472442627,16464.2707862854,19310.166982650757,21498.57536506653,11562.428081512451,14593.16616821289,41075.783819190845,55760.15079977207,0.10478005993887195,0.11110693725263579,0.06395286541193668,0.06847144176362792,0.0803069258979802,0.08940805640395044,0.04808570821666102,0.060689910923116736,0.5,"Alimentos fuera del hogarBebidas no alcohólicasFrutasGranosPanes y
cerealesGrasasLeguminosasLácteosProductos no especificados previamenteRaíces y
tubérculosVegetales"
2020,BOL,11749037.995095253,4473737.110227585,4778035.442987442,2469264.946223259,2601659.023818016,4538500.133379936,5118694.516213417,1714047.6042966843,2319211.836651802,12908640.852395777,13518015.993405983,0.38333969524061956,0.40941401012955553,0.2115831236014259,0.2229275330082306,0.3888890238995002,0.4386039562738773,0.14687105434891756,0.19872557031302907,0.5,"Alimentos fuera del hogarBebidas no alcohólicasFrutasGranosPanes y
cerealesGrasasLeguminosasLácteosProductos no especificados previamenteRaíces y
tubérculosVegetales"
2020,BRA,211096452.99566078,63998367.138521194,71129330.12464714,30635701.970828056,34874964.301745415,46497642.96545887,51705497.18057346,8674885.643491745,13648669.501522064,58041408.58103887,55367862.408872664,0.3106025548007843,0.3452111771877668,0.14868390750749538,0.16925827165656301,0.22566648717812832,0.25094170741528643,0.04210172483996663,0.06624093404802855,0.5,"Alimentos fuera del hogarBebidas no alcohólicasFrutasGranosPanes y
cerealesGrasasLeguminosasLácteosProductos no especificados previamenteRaíces y
tubérculosVegetales"
2016,BRB,278999.9999694824,16933.01195526123,20466.625728607178,4839.560661315918,5132.789039611816,10226.09602355957,12004.891143798828,3090.0795555114746,4493.190204620361,77352.84420199596,61015.79558194572,0.0721752410698481,0.08723691034716391,0.020628135049187188,0.021877991185115287,0.04358769412399205,0.05116962738880897,0.013171149789140335,0.01915176620957814,0.5,"Alimentos fuera del hogarBebidas no alcohólicasFrutasGranosPanes y
cerealesGrasasLeguminosasLácteosProductos no especificados previamenteRaíces y
tubérculosVegetales"
2020,CHL,19545799.0,3707552.0,4247656.0,1668276.0,1881032.0,2112185.0,3329718.0,831232.0,1546477.0,63344261.97314977,37211573.652786314,0.1939966073700305,0.22225739605943606,0.08729206877121211,0.09842446615838786,0.10813706196038599,0.17047082602925998,0.04255639836825636,0.07917463629810449,0.5,"Alimentos fuera del hogarBebidas no alcohólicasFrutasGranosPanes y
cerealesGrasasLeguminosasLácteosProductos no especificados previamenteRaíces y
tubérculosVegetales"
2020,COL,49620239.65705776,22522137.996819496,24394173.155820847,13053030.610806465,14643971.601986885,18939982.820563316,20962358.162516594,5191881.252938271,7804269.551029205,24433834.42626632,30651705.686169103,0.4653548724567327,0.5040350671511535,0.26970314256681416,0.3025753388983304,0.38169873727865755,0.42245580245872516,0.10463232924349249,0.15727996488866536,0.5,"Alimentos fuera del hogarBebidas no alcohólicasFrutasGranosPanes y
cerealesGrasasLeguminosasLácteosProductos no especificados previamenteRaíces y
tubérculosVegetales"
2021,CRI,5163413.0,1462788.0,1586393.0,640262.0,709451.0,1351668.0,1582035.0,376776.0,597171.0,0.0,0.0,0.2867981201511251,0.3110324464111709,0.12553147688127034,0.1390968569193457,0.2622203451876859,0.3069109898281239,0.07309363895456246,0.11584973954852491,0.5,"Alimentos fuera del hogarBebidas no alcohólicasFrutasGranosPanes y
cerealesGrasasLeguminosasLácteosProductos no especificados previamenteRaíces y
tubérculosVegetales"
2020,DOM,10480963.994644165,4059082.2554473877,4264574.597412109,1890342.6062011719,1981773.4511566162,2367297.6797180176,2890753.5418548584,325918.0559082031,629264.1808929443,8341042.835075543,4797741.5415990595,0.39393983356521833,0.4138831640764122,0.1834604979164318,0.19233399433206555,0.22586640703352484,0.2758098914691483,0.03109619077737021,0.060038769450453416,0.5,"Alimentos fuera del hogarBebidas no alcohólicasFrutasGranosPanes y
cerealesGrasasLeguminosasLácteosProductos no especificados previamenteRaíces y
tubérculosVegetales"
2020,ECU,17695544.989904404,9155096.065294266,9793069.450689316,5443354.274612427,5816404.248552322,5533934.7630729675,6452416.93834877,2512521.3625125885,3476603.2638893127,15966784.070029108,16564801.317252208,0.5264479430475515,0.5631334976353953,0.3130106599331135,0.3344622525798684,0.31821933404097624,0.3710350607631453,0.14447818938481766,0.19991604937988208,0.5,"Alimentos fuera del hogarBebidas no alcohólicasFrutasGranosPanes y
cerealesGrasasLeguminosasLácteosProductos no especificados previamenteRaíces y
tubérculosVegetales"
2014,GTM,16002003.998764038,11271067.499008179,11482435.499008179,8019901.6605529785,8273279.721710205,9486743.199783325,10901883.281326294,3737409.676925659,6364557.211135864,411644058.73809946,761528205.2578903,0.7073197863756048,0.7205842592056889,0.5032917361017372,0.5191925650255073,0.5928471959209648,0.6812823745181125,0.23355885157973522,0.39773500941678613,0.5,"Alimentos fuera del hogarBebidas no alcohólicasFrutasGranosPanes y
cerealesGrasasLeguminosasLácteosProductos no especificados previamenteRaíces y
tubérculosVegetales"
2019,GUY,745059.1476888657,384856.605257988,308364.80401706696,249415.80996894836,189366.8264131546,299922.63168144226,243117.82336997986,189381.52050876617,171117.18456840515,0.0,0.0,0.6246135923147084,0.5004691236919429,0.40479623557546823,0.3073380892913784,0.48676766835129825,0.39457474533679976,0.3073619374772231,0.2777193320831853,0.5,"Alimentos fuera del hogarBebidas no alcohólicasFrutasGranosPanes y
cerealesGrasasLeguminosasLácteosProductos no especificados previamenteRaíces y
tubérculosVegetales"
2019,HND,2251019.1909561157,329204.3486442566,340235.32654190063,236219.60186767578,242051.99183273315,328202.57481765747,353697.0388145447,211485.94050598145,255510.15929794312,606674.0718388295,1059240.0897945713,0.6328205036204232,0.6540250503323995,0.4540784714252177,0.4652899149258827,0.6303425902136706,0.6793070033686719,0.40617778701577234,0.4907302623303733,0.5,"Alimentos fuera del hogarBebidas no alcohólicasFrutasGranosPanes y
cerealesGrasasLeguminosasLácteosProductos no especificados previamenteRaíces y
tubérculosVegetales"
2018,JAM,3157964.7343235016,0.0,0.0,0.0,0.0,353107.1140060425,556565.3937530518,97747.99367141724,247690.03951644897,0.0,0.0,,,,,0.11332047995837581,0.17861508603658144,0.03136965843634556,0.07948963089549296,0.5,"Alimentos fuera del hogarBebidas no alcohólicasFrutasGranosPanes y
cerealesGrasasLeguminosasLácteosProductos no especificados previamenteRaíces y
tubérculosVegetales"
2020,MEX,126760856.0,59124278.0,61011989.0,31007085.0,32475065.0,66887453.0,75099932.0,18855506.0,30471354.0,221777450.6552061,315724815.6670929,0.46877447741275063,0.48374143798233765,0.24584367976498148,0.2574827488687491,0.5276664666890543,0.5924536514647708,0.14874864839978677,0.24038457108557235,0.5,"Alimentos fuera del hogarBebidas no alcohólicasFrutasGranosPanes y
cerealesGrasasLeguminosasLácteosProductos no especificados previamenteRaíces y
tubérculosVegetales"
2014,NIC,6240907.859611034,3895228.668344021,4024567.8828396797,2542923.359867096,2696603.3895733356,2473974.7280521393,2925517.0584023,1399767.9736042023,1977124.9870414734,5742395.6957826875,7348375.86758279,0.6561286154850265,0.6779150539615731,0.4283406509491143,0.45422715818765347,0.41672665490826905,0.4927863343959656,0.23578277444534668,0.33303520559163274,0.5,"Alimentos fuera del hogarBebidas no alcohólicasFrutasGranosPanes y
cerealesGrasasLeguminosasLácteosProductos no especificados previamenteRaíces y
tubérculosVegetales"
2019,PAN,4076474.0,894830.0,955026.0,513915.0,553946.0,873663.0,998430.0,387056.0,502399.0,2893090.1580000147,2633716.323000012,0.2234554980620605,0.23848754567037023,0.1283340213074705,0.13833049778112733,0.21816970911055059,0.24932632224009374,0.09665499732676475,0.12545826444227523,0.5,"Alimentos fuera del hogarBebidas no alcohólicasFrutasGranosPanes y
cerealesGrasasLeguminosasLácteosProductos no especificados previamenteRaíces y
tubérculosVegetales"
2020,PER,33221603.712699294,16392761.774065137,16957044.266915083,9455696.545766354,9846677.560420275,9984368.428366065,12788030.659855962,1703729.5014824867,3806072.1607216597,0.0,0.0,0.49644051795315725,0.5135293219560021,0.2863575372768957,0.2981980568976789,0.3005384241745512,0.38493116619074014,0.05128378257161676,0.11456617788944216,0.5,"Alimentos fuera del hogarBebidas no alcohólicasFrutasGranosPanes y
cerealesGrasasLeguminosasLácteosProductos no especificados previamenteRaíces y
tubérculosVegetales"
2020,PRY,7221008.0,2437667.0,2685762.0,1117843.0,1259730.0,1863389.0,2133328.0,269304.0,474442.0,3658051.408302639,2698113.262522037,0.34226431047697914,0.37709846301208183,0.1569524318196529,0.17687428998184124,0.25805109203590415,0.2954335461198769,0.037294516222665865,0.06570301542388542,0.5,"Alimentos fuera del hogarBebidas no alcohólicasFrutasGranosPanes y
cerealesGrasasLeguminosasLácteosProductos no especificados previamenteRaíces y
tubérculosVegetales"
2020,SLV,6321041.993896484,2853843.6203842163,2927136.6908836365,1570590.1038303375,1619398.5452041626,1814047.6373729706,2286042.4291992188,550173.576871872,916377.8658123016,9120009.423134815,6919922.384931546,0.47349747696087746,0.48565794844302507,0.26058556474207445,0.2686836517149646,0.2869855380053781,0.3616559471376067,0.08703843091109224,0.14497259576777755,0.5,"Alimentos fuera del hogarBebidas no alcohólicasFrutasGranosPanes y
cerealesGrasasLeguminosasLácteosProductos no especificados previamenteRaíces y
tubérculosVegetales"
2017,SUR,494372.2035036087,288960.02829551697,308664.81556510925,196753.7696146965,221721.38241910934,129338.43584489822,157045.22054338455,8341.4700050354,17826.00778579712,296006.1830177327,100087.31642823898,0.6531303587747829,0.6976686807526855,0.44471846468438136,0.5011522420648946,0.2616215776863638,0.3176659598383714,0.016872853987177115,0.0360578682609266,0.5,"Alimentos fuera del hogarBebidas no alcohólicasFrutasGranosPanes y
cerealesGrasasLeguminosasLácteosProductos no especificados previamenteRaíces y
tubérculosVegetales"
2015,TTO,1370327.9436531067,176573.59257125854,190441.05952453613,69872.28156280518,81888.00960540771,101598.74156570435,152542.13648605347,35306.4885635376,65222.359409332275,1532987.4573902877,898775.7109054591,0.19711516376498692,0.21259589324268455,0.07800082686388901,0.09141439661904543,0.11341816344342873,0.17028802425467407,0.039413845376452754,0.07280995911617438,0.5,"Alimentos fuera del hogarBebidas no alcohólicasFrutasGranosPanes y
cerealesGrasasLeguminosasLácteosProductos no especificados previamenteRaíces y
tubérculosVegetales"
2020,URY,3530882.831489086,578200.2786509991,646946.8282506466,233263.9447643757,267979.73992323875,611005.5813837051,742359.5396347046,168771.57465457916,296159.28265833855,4175920.001032075,4022595.0604403126,0.16552487967169452,0.18520536889054243,0.06677787578890744,0.076716175766529,0.17491625146434336,0.21251974101060336,0.04831525618057285,0.08478330335649373,0.5,"Alimentos fuera del hogarBebidas no alcohólicasFrutasGranosPanes y
cerealesGrasasLeguminosasLácteosProductos no especificados previamenteRaíces y
tubérculosVegetales"
2021,VEN,28704946.98902893,26158612.06055832,26475135.64581299,24577043.55287552,25132246.686908722,25287458.12391281,25989964.880241394,23258676.789611816,24689249.631362915,0.0,0.0,0.9380038800051067,0.9493538839882948,0.8812914904767195,0.9012001420790485,0.9067657634428258,0.9319564754592167,0.8340170733039632,0.8853150119364085,0.5,"Alimentos fuera del hogarBebidas no alcohólicasFrutasGranosPanes y
cerealesGrasasLeguminosasLácteosProductos no especificados previamenteRaíces y
tubérculosVegetales"
