anio_c,pais_c,population,poor_int_pop,poor_int_delta_pop,poor31_int_pop,poor31_int_delta_pop,poor_national_pop,poor_national_delta_pop,poor_e_national_pop,poor_e_national_delta_pop,lpe_ci_diff,lp_ci_diff,poor_int,poor_int_delta,poor31_int,poor31_int_delta,poor_national,poor_national_delta,poor_e_national,poor_e_national_delta,shock_weight
2020,ARG,28644818.0,3117451.0,3033772.0,1600371.0,1589140.0,9345989.0,9145764.0,2615991.0,2443448.0,0.0,0.0,0.12102024915073895,0.1177718088613215,0.06212681359021111,0.061690823283318735,0.4485814255681058,0.4389711835771968,0.1255602774680491,0.11727869432989244,0.0
2014,BHS,257918.38403320312,10644.299877166748,9358.222019195557,6016.8191566467285,4944.536720275879,10644.299877166748,9358.222019195557,6016.8191566467285,4944.536720275879,0.0,0.0,0.05380851274391729,0.04730719865009334,0.030415912178758265,0.02499536561314447,0.05380851274391729,0.04730719865009334,0.030415912178758265,0.02499536561314447,0.0
2007,BLZ,313923.68988609314,19310.166982650757,17716.942991256714,11562.428081512451,11283.11243057251,19310.166982650757,17716.942991256714,11562.428081512451,11283.11243057251,0.0,0.0,0.0803069258979802,0.07368104217927804,0.04808570821666102,0.04692409313055984,0.0803069258979802,0.07368104217927804,0.04808570821666102,0.04692409313055984,0.0
2020,BOL,11749037.995095253,3051805.186159134,2951385.7665548325,1607023.870554924,1535369.2672185898,4538500.133379936,4346947.469762802,1714047.6042966843,1637819.632842064,2.701982138647238e-07,6.756156877065498e-07,0.26149906469056505,0.25289445767882346,0.13770054556280956,0.13156070025479133,0.3888890238995002,0.37247551146363295,0.14687105434891756,0.14033933229501747,0.0
2020,BRA,211096452.99566078,41242997.93794346,40986010.28911686,18028022.542549133,17094286.611450195,46497642.96545887,45697892.94176388,8674885.643491745,8631296.923761368,0.0,0.0,0.20016417761787167,0.19891694235474347,0.087495198863464,0.0829635087801704,0.22566648717812832,0.2217850693909527,0.04210172483996663,0.041890176197179434,0.0
2016,BRB,278999.9999694824,10226.09602355957,7769.971202850342,3090.0795555114746,3090.0795555114746,10226.09602355957,7769.971202850342,3090.0795555114746,3090.0795555114746,0.0,0.0,0.04358769412399205,0.03311871190743805,0.013171149789140335,0.013171149789140335,0.04358769412399205,0.03311871190743805,0.013171149789140335,0.013171149789140335,0.0
2020,CHL,19545799.0,2195707.0,2099668.0,1077324.0,1044636.0,2112185.0,2004467.0,831232.0,760472.0,0.0,0.0,0.11488974632820459,0.10986453287868038,0.05637067289637765,0.05466028256288764,0.10813706196038599,0.10262224766133128,0.04255639836825636,0.03893371451039499,0.0
2020,COL,49620239.65705776,16934375.421102524,16105552.89699936,8793001.726118088,8384147.85562706,18939982.820563316,18030157.44936371,5191881.252938271,4879644.759225845,0.0001437277898976852,0.0006991864523577807,0.34989991249207564,0.33277469107447477,0.18168196098200595,0.1732341777039414,0.38169873727865755,0.36336296587796063,0.10463232924349249,0.09833980635625138,0.0
2021,CRI,5163413.0,878268.0,828325.0,363379.0,338766.0,1351668.0,1279098.0,376776.0,349311.0,0.0,0.0,0.1721955685915446,0.162403610690121,0.07124505676994594,0.06641936628623973,0.2622203451876859,0.24814193950650504,0.07309363895456246,0.0677654949276418,0.0
2020,DOM,10480963.994644165,2482052.771194458,2272553.1899108887,1000347.8591766357,893364.6697845459,2367297.6797180176,2058298.7022247314,325918.0559082031,277729.8112640381,0.0,0.0,0.24088682959608165,0.22055459068368352,0.09708521393536816,0.08670233988376781,0.22586640703352484,0.19638448364831082,0.03109619077737021,0.026498498745531392,0.0
2020,ECU,17695544.989904404,6586100.245279312,6362223.443101883,3491176.0305366516,3323406.0274066925,5533934.7630729675,5263748.605995178,2512521.3625125885,2347527.639257431,0.0,0.0,0.3787222877951116,0.36584864002978,0.20075403108660456,0.1911067076262134,0.31821933404097624,0.3026827470276806,0.14447818938481766,0.13499051109024338,0.0
2014,GTM,16002003.998764038,9157928.231903076,8812743.231903076,5970871.429046631,5610749.429046631,9486743.199783325,9084970.15901184,3737409.676925659,3384341.676925659,0.0,0.0,0.5747089919568676,0.5530467864486894,0.3747041266535849,0.3521045444816593,0.5928471959209648,0.5677395256065144,0.23355885157973522,0.21149486509233836,0.0
2019,GUY,745059.1476888657,299922.63168144226,206605.1998310089,189381.52050876617,130152.1012096405,299922.63168144226,206605.1998310089,189381.52050876617,130152.1012096405,0.0,-2.710509389321908e-06,0.48676766835129825,0.3353155806455167,0.3073619374772231,0.211233925501591,0.48676766835129825,0.3353155806455167,0.3073619374772231,0.211233925501591,0.0
2019,HND,2251019.1909561157,268601.8744163513,263394.08137893677,184826.1531906128,177366.54668426514,328202.57481765747,318736.6521644592,211485.94050598145,204827.87186431885,0.0,0.0,0.5163260271061143,0.5063152291738886,0.35528625252365614,0.340946855229551,0.6303425902136706,0.6121624336219854,0.40617778701577234,0.39339036682037104,0.0
2018,JAM,3157964.7343235016,0.0,0.0,0.0,0.0,353107.1140060425,325914.7932777405,97747.99367141724,83809.54419326782,-1.1185595158030859e-05,0.0,,,,,0.11332047995837581,0.10459381681881487,0.03136965843634556,0.026896478140373284,0.0
2020,MEX,126760856.0,38534112.0,36385580.0,16988970.0,15867717.0,66887453.0,64250382.0,18855506.0,17538509.0,0.0,-4.434347692949814e-05,0.30552268588149867,0.2884877723134282,0.1346992437443532,0.1258092444597534,0.5276664666890543,0.5068629546016951,0.14874864839978677,0.13835902938364505,0.0
2014,NIC,6240907.859611034,3012898.8379786015,2911970.6962502003,1784050.8496847153,1720512.927110672,2473974.7280521393,2376187.317369461,1399767.9736042023,1305866.942117691,0.0,0.0,0.507505286974529,0.4905045284737745,0.30051299002586174,0.28981039648928636,0.41672665490826905,0.4002549342864427,0.23578277444534668,0.21996569179688352,0.0
2019,PAN,4076474.0,638719.0,595035.0,374547.0,340836.0,873663.0,821421.0,387056.0,357528.0,-8.786216199041519e-09,-1.7572432398083038e-08,0.15949987401707724,0.14859117630092664,0.09353127011013329,0.08511301379868853,0.21816970911055059,0.20512392149753117,0.09665499732676475,0.08928131299926508,0.0
2020,PER,33221603.712699294,11615062.224806905,11020979.872205973,6025398.099321961,5652844.662004113,9984368.428366065,9063369.961044312,1703729.5014824867,1480004.2740502357,-7.635218185708965e-08,4.038146812923327e-07,0.3517520468127544,0.3337607800026286,0.18247393541909457,0.17119147893394568,0.3005384241745512,0.2728155461555803,0.05128378257161676,0.044549453026088835,0.0
2020,PRY,7221008.0,1551825.0,1470075.0,604770.0,565896.0,1863389.0,1755545.0,269304.0,229340.0,-7.784803165122867e-05,0.0,0.21788632885703346,0.20640809685016254,0.08491364367945363,0.0794554810979845,0.25805109203590415,0.2431163350047528,0.037294516222665865,0.031760108837990485,0.0
2020,SLV,6321041.993896484,1850907.7714862823,1762656.4167613983,978830.4975585938,916308.9993572235,1814047.6373729706,1695685.664741516,550173.576871872,504899.75363731384,2.769473601454454e-08,3.443793739486465e-08,0.3070946682663867,0.29245238250758043,0.16240335232662695,0.15203005385900548,0.2869855380053781,0.26826046502757744,0.08703843091109224,0.0798760321676139,0.0
2017,SUR,494372.2035036087,237259.42736196518,234451.99771642685,146482.05988121033,142790.1365852356,129338.43584489822,127538.45404481888,8341.4700050354,8341.4700050354,0.0,0.0,0.5362725627820821,0.5299269877818258,0.3310903618352408,0.32274558418176225,0.2616215776863638,0.2579806330957843,0.016872853987177115,0.016872853987177115,0.0
2015,TTO,1370327.9436531067,101598.74156570435,90817.5061302185,35306.4885635376,33907.39694213867,101598.74156570435,90817.5061302185,35306.4885635376,33907.39694213867,0.0,0.0,0.11341816344342873,0.10138270016996646,0.039413845376452754,0.03785199136386605,0.11341816344342873,0.10138270016996646,0.039413845376452754,0.03785199136386605,0.0
2020,URY,3530882.831489086,333549.2358431816,318648.72210264206,123476.6556968689,116813.19368839264,611005.5813837051,581804.0274906158,168771.57465457916,159954.37864398956,-5.150244266491572e-07,-2.4014641623112e-07,0.09548715067440049,0.09122149077243084,0.03534840665274758,0.03344081721034316,0.17491625146434336,0.1665565465785945,0.04831525618057285,0.045791104320771485,0.0
2021,VEN,28704946.98902893,25287458.12391281,25388296.525550842,23255209.237609863,23424495.186927795,25287458.12391281,25388988.847373962,23258676.789611816,23424868.131462097,0.00020885597760955665,0.0,0.9067657634428258,0.9103816591092707,0.833892732714928,0.8399630424440131,0.9067657634428258,0.9104064846066937,0.8340170733039632,0.8399764156084376,0.0
2020,ARG,28644818.0,3117451.0,3457613.0,1600371.0,1674208.0,9345989.0,9146250.0,2615991.0,2451300.0,296367393.5114795,296367393.5114548,0.12102024915073895,0.13422542542828544,0.06212681359021111,0.06499318490977415,0.4485814255681058,0.4389945102227584,0.1255602774680491,0.11765556844707369,0.1
2014,BHS,257918.38403320312,10644.299877166748,10596.961643218994,6016.8191566467285,6016.8191566467285,10644.299877166748,9358.222019195557,6016.8191566467285,4944.536720275879,303282.8735390596,303282.87353906705,0.05380851274391729,0.053569210958544236,0.030415912178758265,0.030415912178758265,0.05380851274391729,0.04730719865009334,0.030415912178758265,0.02499536561314447,0.1
2007,BLZ,313923.68988609314,19310.166982650757,19426.837450027466,11562.428081512451,12282.869228363037,19310.166982650757,17716.942991256714,11562.428081512451,11283.11243057251,148092.04116169462,148092.0411617062,0.0803069258979802,0.08079213385017046,0.04808570821666102,0.05108187152513821,0.0803069258979802,0.07368104217927804,0.04808570821666102,0.04692409313055984,0.1
2020,BOL,11749037.995095253,3152191.368818283,3252072.2588005066,1615345.232829094,1664087.0072965622,4538500.133379936,4364701.6364040375,1714047.6042966843,1659243.4839391708,35924094.538049415,35924094.538050175,0.2701008237387112,0.2786592859332409,0.13841357549719585,0.14259009649283738,0.3888890238995002,0.37399680711910255,0.14687105434891756,0.14217507104052182,0.1
2020,BRA,211096452.99566078,42286187.75588322,45493855.26591396,18159575.634170532,20471356.450717926,46497642.96545887,45816865.54121685,8674885.643491745,8656069.676073074,408999377.67909276,408999377.67909276,0.2052270790180423,0.22079481563561193,0.08813366400213087,0.09935340381525597,0.22566648717812832,0.2223624777685977,0.04210172483996663,0.04201040551710582,0.1
2016,BRB,278999.9999694824,10226.09602355957,10226.09602355957,3090.0795555114746,3090.0795555114746,10226.09602355957,7769.971202850342,3090.0795555114746,3090.0795555114746,314866.27671420056,314866.2767142186,0.04358769412399205,0.04358769412399205,0.013171149789140335,0.013171149789140335,0.04358769412399205,0.03311871190743805,0.013171149789140335,0.013171149789140335,0.1
2020,CHL,19545799.0,2203231.0,2504816.0,1084198.0,1185805.0,2112185.0,2011931.0,831232.0,766561.0,6807039505.538226,6807039505.538909,0.11528343749527442,0.1310637871258907,0.056730352997711786,0.062046910468799635,0.10813706196038599,0.10300438039614017,0.04255639836825636,0.0392454516784351,0.1
2020,COL,49620239.65705776,17097823.495295525,17915546.84880638,9004209.339918137,9515111.03428936,18939982.820563316,18130964.165927887,5191881.252938271,4974264.17515564,71517207451.4729,71517207451.47314,0.353277094433245,0.3701729835771475,0.1860459557411044,0.19660226228960453,0.38169873727865755,0.36539453036174563,0.10463232924349249,0.10024667775759367,0.1
2021,CRI,5163413.0,905326.0,972631.0,374049.0,403845.0,1351668.0,1302062.0,376776.0,361087.0,4047009108.464031,4047009108.46404,0.17750063230210905,0.19069663027089978,0.07333704545320867,0.07917892875278654,0.2622203451876859,0.25259690034517995,0.07309363895456246,0.07005001064076824,0.1
2020,DOM,10480963.994644165,2520504.3863983154,2638873.7043914795,1020370.6042938232,1088993.3478546143,2367297.6797180176,2072305.7261505127,325918.0559082031,295008.2867126465,325957980.2334298,325957980.23343,0.24461861474859808,0.25610652913290904,0.09902845045598758,0.10568838747521093,0.22586640703352484,0.19772090880280413,0.03109619077737021,0.02814705659359172,0.1
2020,ECU,17695544.989904404,6616340.68072319,7124852.672142029,3529876.7464637756,3863819.5282287598,5533934.7630729675,5312438.493148804,2512521.3625125885,2411585.959623337,10058855.594061268,10058855.594061362,0.3804612116603283,0.4097023130084939,0.20297944872821042,0.22218225002072778,0.31821933404097624,0.30548257465990103,0.14447818938481766,0.13867407385694694,0.1
2014,GTM,16002003.998764038,9234834.231903076,9466028.231903076,5999642.429046631,6243145.374221802,9486743.199783325,9137814.199783325,3737409.676925659,3429770.676925659,598074899.4538059,598074899.4538059,0.5795352549080733,0.594043915308316,0.3765096608299709,0.3917907733934693,0.5928471959209648,0.5710418645370362,0.23355885157973522,0.21433382201320333,0.1
2019,GUY,745059.1476888657,301134.3495197296,222071.15371513367,190097.66566181183,138775.88682556152,299922.63168144226,206605.1998310089,189381.52050876617,131046.32518959045,43220022.88421823,43220022.8842167,0.48873425908016754,0.36041647506218144,0.30852422491246867,0.22523013510101175,0.48676766835129825,0.3353155806455167,0.3073619374772231,0.21268523085745486,0.1
2019,HND,2251019.1909561157,270177.07890319824,276977.5726585388,186265.51349258423,190773.71969604492,328202.57481765747,319501.7914237976,211485.94050598145,205933.42462539673,37761217.03260618,37761217.0326062,0.5193539995517298,0.5324264024554125,0.358053095412992,0.366719096733593,0.6303425902136706,0.6136319524485013,0.40617778701577234,0.3955136804214995,0.1
2018,JAM,3157964.7343235016,0.0,0.0,0.0,0.0,353107.1140060425,334083.5047264099,97747.99367141724,85400.37480545044,1815708919.8312793,1815708919.83127,,,,,0.11332047995837581,0.10721535081030749,0.03136965843634556,0.02740701355966797,0.1
2020,MEX,126760856.0,38648828.0,41637737.0,17045004.0,18623288.0,66887453.0,64326692.0,18855506.0,17623234.0,352973896.77489865,352973896.77489644,0.3064322265096461,0.33013017770508,0.13514351655335638,0.14765714517320871,0.5276664666890543,0.5074649543231232,0.14874864839978677,0.13902741395182752,0.1
2014,NIC,6240907.859611034,3031878.340870142,3139950.444046259,1803512.5270414352,1922492.3079280853,2473974.7280521393,2384182.6082401276,1399767.9736042023,1316112.803094864,62942080.52345141,62942080.52345141,0.5107022738564608,0.52890639111555,0.3037911963922442,0.3238326485252862,0.41672665490826905,0.40160169453494965,0.23578277444534668,0.221691547491066,0.1
2019,PAN,4076474.0,646589.0,675826.0,375075.0,383656.0,873663.0,830272.0,387056.0,364722.0,4077049.703399996,4077049.7034000205,0.1614651576684394,0.1687661739473309,0.09366312141482443,0.09580595483443546,0.21816970911055059,0.20733417887976835,0.09665499732676475,0.09107778702568178,0.1
2020,PER,33221603.712699294,11842315.70866692,12168608.711322188,6161668.128225207,6384660.482204914,9984368.428366065,9252409.538821816,1703729.5014824867,1538050.3041672707,104700577.16883203,104700577.16883235,0.35863422071298234,0.3685157202110686,0.18660075460079265,0.19335388389255243,0.3005384241745512,0.27850580660815566,0.05128378257161676,0.04629669047491935,0.1
2020,PRY,7221008.0,1558990.0,1668406.0,622226.0,747296.0,1863389.0,1760639.0,269304.0,236374.0,8556550909.686042,8556550909.685779,0.21889234148491396,0.23425505993462392,0.08736457967837642,0.10492522160008098,0.25805109203590415,0.24382177668270136,0.037294516222665865,0.03273421106859319,0.1
2020,SLV,6321041.993896484,1886182.8304519653,2015025.1657180786,983251.4961471558,1059585.1708221436,1814047.6373729706,1703444.2487678528,550173.576871872,514893.51239585876,1912071.2289640047,1912071.2289640047,0.31294735455255696,0.33432432147481556,0.16313686542537545,0.17580182089371085,0.2869855380053781,0.2694878867143544,0.08703843091109224,0.08145706244208363,0.1
2017,SUR,494372.2035036087,237259.42736196518,256449.51777410507,146482.05988121033,154643.74021339417,129338.43584489822,127538.45404481888,8341.4700050354,8341.4700050354,0.0,0.0,0.5362725627820821,0.5796475261281662,0.3310903618352408,0.3495380386125725,0.2616215776863638,0.2579806330957843,0.016872853987177115,0.016872853987177115,0.1
2015,TTO,1370327.9436531067,104643.82332992554,109828.69227981567,35306.4885635376,36047.18412780762,101598.74156570435,90817.5061302185,35306.4885635376,33907.39694213867,2228191.62630496,2228191.62630496,0.11681749276494097,0.12260553998805641,0.039413845376452754,0.04024070926546924,0.11341816344342873,0.10138270016996646,0.039413845376452754,0.03785199136386605,0.1
2020,URY,3530882.831489086,335369.4657893181,374210.85170841217,124458.25609016418,142493.70188856125,611005.5813837051,582872.7962837219,168771.57465457916,160961.60673046112,60561806.60938166,60561806.60938112,0.09600823887503575,0.1071275965922958,0.035629415315290895,0.0407925311176044,0.17491625146434336,0.1668625094644798,0.04831525618057285,0.046079449577546755,0.1
2021,VEN,28704946.98902893,25323285.83008957,25736586.805778503,23306201.34843445,23871276.271697998,25287458.12391281,25406581.790325165,23258676.789611816,23466193.3081131,13424168067.303701,13424168067.303701,0.9080504847930136,0.9228707634036917,0.8357212241384172,0.855983861517179,0.9067657634428258,0.9110373379834223,0.8340170733039632,0.8414582670136572,0.1
2020,ARG,28644818.0,3117574.0,3895182.0,1600371.0,1940496.0,9345989.0,9151095.0,2615991.0,2453749.0,592734787.022959,592734787.022959,0.1210250240423557,0.1512119664839876,0.06212681359021111,0.0753305535182469,0.4485814255681058,0.4392270567201786,0.1255602774680491,0.11777311362193066,0.2
2014,BHS,257918.38403320312,10957.964782714844,12599.507884979248,6016.8191566467285,6236.448661804199,10644.299877166748,9358.222019195557,6016.8191566467285,4944.536720275879,606565.747078119,606565.7470781192,0.05539413530831998,0.06369237887127706,0.030415912178758265,0.03152617186362085,0.05380851274391729,0.04730719865009334,0.030415912178758265,0.02499536561314447,0.2
2007,BLZ,313923.68988609314,19310.166982650757,20571.84973716736,11562.428081512451,13514.427307128906,19310.166982650757,17716.942991256714,11562.428081512451,11488.857250213623,296184.08232341224,296184.08232338924,0.0803069258979802,0.08555399929536496,0.04808570821666102,0.056203662727636286,0.0803069258979802,0.07368104217927804,0.04808570821666102,0.047779742592299716,0.2
2020,BOL,11749037.995095253,3179854.9103832245,3566944.007548332,1657338.8711500168,1829932.1092596054,4538500.133379936,4372035.9354457855,1714047.6042966843,1664486.098162651,71848189.07609776,71848189.07609856,0.272471220865654,0.3056396017700676,0.14201187108751684,0.15680081323305917,0.3888890238995002,0.374625258878827,0.14687105434891756,0.14262429326551546,0.2
2020,BRA,211096452.99566078,42764713.037709236,50493566.9979372,18324104.06830597,22642296.550439835,46497642.96545887,45870694.56481266,8674885.643491745,8740810.444131851,817998755.3581855,817998755.3581855,0.20754950038154713,0.2450598603026524,0.08893216799941613,0.10988960296286246,0.22566648717812832,0.22262372556285942,0.04210172483996663,0.0424216769327947,0.2
2016,BRB,278999.9999694824,10226.09602355957,12004.891143798828,3090.0795555114746,4364.054836273193,10226.09602355957,7769.971202850342,3090.0795555114746,3090.0795555114746,629732.5534284253,629732.5534284305,0.04358769412399205,0.05116962738880897,0.013171149789140335,0.018601339837369467,0.04358769412399205,0.03311871190743805,0.013171149789140335,0.013171149789140335,0.2
2020,CHL,19545799.0,2213080.0,2890167.0,1086479.0,1346592.0,2112185.0,2022996.0,831232.0,787794.0,13614079011.076452,13614079011.077013,0.11579878362824503,0.15122716896022467,0.056849705676085834,0.07046004466333153,0.10813706196038599,0.10357087272071953,0.04255639836825636,0.04033251281967267,0.2
2020,COL,49620239.65705776,17273916.208309174,19610708.782172203,9109493.07768917,10732328.51615429,18939982.820563316,18216780.13211727,5191881.252938271,5031189.817770958,143034414902.9453,143034414902.9466,0.35691554128125735,0.4051986043866088,0.18822133981739086,0.22175254269838943,0.38169873727865755,0.36712398525318685,0.10463232924349249,0.10139390403075862,0.2
2021,CRI,5163413.0,924299.0,1125514.0,379647.0,471504.0,1351668.0,1311552.0,376776.0,375295.0,8094018216.928065,8094018216.928067,0.18122052932999505,0.22067127936773712,0.07443460427691106,0.09244433290657025,0.2622203451876859,0.25443793754945726,0.07309363895456246,0.07280632851204036,0.2
2020,DOM,10480963.994644165,2552030.719558716,3081031.658554077,1064049.153579712,1318817.7621307373,2367297.6797180176,2115596.3679351807,325918.0559082031,308022.07290649414,651915960.4668596,651915960.4668596,0.24767829121153806,0.2990186013479011,0.10326751715954141,0.1279931809756769,0.22586640703352484,0.2018513153004116,0.03109619077737021,0.02938871587230862,0.2
2020,ECU,17695544.989904404,6902152.030433655,7725383.509662628,3648345.2086219788,4421250.748825073,5533934.7630729675,5357492.238918304,2512521.3625125885,2472017.121366501,20117711.188122537,20117711.188122537,0.39689629831388185,0.44423479872951416,0.2097917724629246,0.25423636691698587,0.31821933404097624,0.30807331227944984,0.14447818938481766,0.14214906314911446,0.2
2014,GTM,16002003.998764038,9273742.231903076,10053447.231903076,6032574.429046631,6740087.414993286,9486743.199783325,9149541.199783325,3737409.676925659,3476126.676925659,1196149798.9076118,1196149798.9076118,0.5819769400679505,0.6309076002813262,0.378576320017929,0.422976545118328,0.5928471959209648,0.5717747102481675,0.23355885157973522,0.21723070917830967,0.2
2019,GUY,745059.1476888657,309086.0712900162,236129.7653875351,190097.66566181183,154036.579082489,299922.63168144226,207016.75518989563,189381.52050876617,131191.96376991272,86440045.76843646,86440045.7684334,0.5016397242122946,0.38323328480296703,0.30852422491246867,0.24999789452511975,0.48676766835129825,0.3359835257129484,0.3073619374772231,0.21292159898935614,0.2
2019,HND,2251019.1909561157,272296.34732055664,295251.2826080322,187572.84244155884,204360.4571800232,328202.57481765747,321244.6104850769,211485.94050598145,207561.1917037964,75522434.06521235,75522434.06521235,0.5234278111909219,0.5675534546370596,0.3605661380483482,0.3928365101048869,0.6303425902136706,0.6169791933468121,0.40617778701577234,0.3986399536295419,0.2
2018,JAM,3157964.7343235016,0.0,0.0,0.0,0.0,353107.1140060425,336768.2815513611,97747.99367141724,85400.37480545044,3631417839.662552,3631417839.6625586,,,,,0.11332047995837581,0.10807695961487943,0.03136965843634556,0.02740701355966797,0.2
2020,MEX,126760856.0,38782782.0,46423332.0,17080724.0,21694324.0,66887453.0,64374654.0,18855506.0,17689669.0,705947793.5498,705947793.5497929,0.307494298106484,0.36807338599650424,0.135426727188642,0.17200625089955254,0.5276664666890543,0.5078433203385752,0.14874864839978677,0.13955151107531177,0.2
2014,NIC,6240907.859611034,3059439.5368425846,3366205.838979006,1841377.7277450562,2119049.267934799,2473974.7280521393,2396580.768716812,1399767.9736042023,1374391.1756572723,125884161.04690282,125884161.04690282,0.515344797028842,0.5670177965459154,0.3101693692360202,0.3569415253111973,0.41672665490826905,0.4036900925625773,0.23578277444534668,0.23150820041643838,0.2
2019,PAN,4076474.0,651919.0,743033.0,380518.0,423832.0,873663.0,839091.0,387056.0,376070.0,8154099.406800011,8154099.406800041,0.1627961566343556,0.18554899711849962,0.09502233855769156,0.10583864047320635,0.21816970911055059,0.20953644527384244,0.09665499732676475,0.0939115912030208,0.2
2020,PER,33221603.712699294,12036389.448057532,13323829.181972742,6308572.327921271,7159773.856075764,9984368.428366065,9359631.970667958,1703729.5014824867,1623460.8106350899,209401154.33766386,209401154.3376643,0.3645115749399321,0.40350056637086446,0.1910496203862998,0.21682751756699825,0.3005384241745512,0.28173329775438094,0.05128378257161676,0.04886762314892419,0.2
2020,PRY,7221008.0,1575737.0,1919620.0,624188.0,842085.0,1863389.0,1771055.0,269304.0,238758.0,17113101819.372084,17113101819.372084,0.22124372926985666,0.26952714036733433,0.08764005724654134,0.11823421406123437,0.25805109203590415,0.2452642345777764,0.037294516222665865,0.03306435888175169,0.2
2020,SLV,6321041.993896484,1899125.508216858,2191397.0320568085,988227.7566947937,1172116.976299286,1814047.6373729706,1711966.3977470398,550173.576871872,519134.3316307068,3824142.4579279125,3824142.4579279544,0.31509474806179527,0.3635871840653826,0.16396250520366482,0.1944726147629648,0.2869855380053781,0.2708361057243556,0.08703843091109224,0.0821279675300332,0.2
2017,SUR,494372.2035036087,237259.42736196518,272311.0623912811,146482.05988121033,169590.13210487366,129338.43584489822,127538.45404481888,8341.4700050354,8341.4700050354,0.0,0.0,0.5362725627820821,0.6154990464496678,0.3310903618352408,0.3833210582089267,0.2616215776863638,0.2579806330957843,0.016872853987177115,0.016872853987177115,0.2
2015,TTO,1370327.9436531067,104643.82332992554,118428.99077606201,35306.4885635376,50490.747631073,101598.74156570435,90817.5061302185,35306.4885635376,33907.39694213867,4456383.25260992,4456383.25260992,0.11681749276494097,0.13220634847719234,0.039413845376452754,0.05636455510129083,0.11341816344342873,0.10138270016996646,0.039413845376452754,0.03785199136386605,0.2
2020,URY,3530882.831489086,341190.8572192192,443073.94778466225,127507.7552280426,171719.64850902557,611005.5813837051,586218.6619739532,168771.57465457916,162428.37227153778,121123613.21876323,121123613.21876267,0.09767476369616583,0.12684145027364588,0.0365024138185672,0.049159219056479825,0.17491625146434336,0.16782035060745767,0.04831525618057285,0.046499349391949725,0.2
2021,VEN,28704946.98902893,25358014.67036438,25992100.55493927,23348659.187156677,24357077.227474213,25287458.12391281,25415789.22547531,23258676.789611816,23481714.498405457,26848336134.607403,26848336134.607403,0.9092958026581373,0.9320330571657842,0.8372436909025515,0.8734038676082266,0.9067657634428258,0.9113675011387051,0.8340170733039632,0.842014830820744,0.2
2020,ARG,28644818.0,3118038.0,4693240.0,1600371.0,2170915.0,9345989.0,9152010.0,2615991.0,2461013.0,889102180.5344846,889102180.5345091,0.1210430366416254,0.18219278318222612,0.06212681359021111,0.08427547832670872,0.4485814255681058,0.43927097417015576,0.1255602774680491,0.1181217653778151,0.3
2014,BHS,257918.38403320312,10957.964782714844,14832.84684753418,6016.8191566467285,6831.749572753906,10644.299877166748,9492.196933746338,6016.8191566467285,5220.916675567627,909848.6206172118,909848.6206172118,0.05539413530831998,0.07498223817765645,0.030415912178758265,0.03453550615736954,0.05380851274391729,0.04798446169042116,0.030415912178758265,0.026392507230544843,0.3
2007,BLZ,313923.68988609314,19310.166982650757,22933.72437095642,11562.428081512451,14057.088348388672,19310.166982650757,17716.942991256714,11562.428081512451,11488.857250213623,444276.1234850672,444276.1234850672,0.0803069258979802,0.09537653948191181,0.04808570821666102,0.05846047594252577,0.0803069258979802,0.07368104217927804,0.04808570821666102,0.047779742592299716,0.3
2020,BOL,11749037.995095253,3220814.2106380463,3853933.22704792,1677134.8319425583,2015698.2683229446,4538500.133379936,4391073.242818832,1714047.6042966843,1673152.9165067673,107772283.61415417,107772283.61415477,0.2759808874576084,0.3302307561516711,0.14370812131193428,0.17271849928541155,0.3888890238995002,0.37625650260790133,0.14687105434891756,0.14336692418478517,0.3
2020,BRA,211096452.99566078,43413262.98138714,56336278.73522949,19470533.292373657,27315417.664809227,46497642.96545887,46237675.26525211,8674885.643491745,8831709.257081985,1226998133.0372782,1226998133.0372782,0.21069710052244217,0.2734162274055748,0.09449612004717665,0.13256960906168933,0.22566648717812832,0.22440478886518336,0.04210172483996663,0.04286283511843342,0.3
2016,BRB,278999.9999694824,10226.09602355957,12004.891143798828,3090.0795555114746,4493.190204620361,10226.09602355957,7769.971202850342,3090.0795555114746,3090.0795555114746,944598.8301426257,944598.8301426285,0.04358769412399205,0.05116962738880897,0.013171149789140335,0.01915176620957814,0.04358769412399205,0.03311871190743805,0.013171149789140335,0.013171149789140335,0.3
2020,CHL,19545799.0,2218688.0,3332529.0,1092622.0,1498085.0,2112185.0,2027245.0,831232.0,795453.0,20421118516.623253,20421118516.62355,0.11609222063846933,0.17437363520787852,0.05717113640964644,0.07838687294255944,0.10813706196038599,0.10378840782122906,0.04255639836825636,0.04072462892576877,0.3
2020,COL,49620239.65705776,17418777.65323448,21321830.366072655,9246642.799473763,11750628.052303314,18939982.820563316,18304451.58297062,5191881.252938271,5100260.625277519,214551622354.41968,214551622354.4189,0.35990868426069533,0.4405539852366154,0.191055142331946,0.24279275881083393,0.38169873727865755,0.36889083385084126,0.10463232924349249,0.1027858926221869,0.3
2021,CRI,5163413.0,943263.0,1286606.0,389134.0,551166.0,1351668.0,1328687.0,376776.0,384872.0,12141027325.394783,12141027325.394785,0.1849386617938558,0.25225540691826737,0.07629465082218881,0.10806307728202243,0.2622203451876859,0.2577620863898463,0.07309363895456246,0.07466424350733689,0.3
2020,DOM,10480963.994644165,2611064.9587402344,3477717.0816955566,1089917.950454712,1556016.5260009766,2367297.6797180176,2145203.870529175,325918.0559082031,313497.2173156738,977873940.7003258,977873940.7003258,0.2534076499419769,0.33751749832403016,0.10577812150164206,0.15101366582431877,0.22586640703352484,0.20467619883298777,0.03109619077737021,0.029911105264350948,0.3
2020,ECU,17695544.989904404,6997256.406654358,8393189.845375061,3739304.360721588,4839040.011260986,5533934.7630729675,5420211.038951874,2512521.3625125885,2505242.972726822,30176566.782183636,30176566.782183636,0.40236511075223613,0.48263584545612026,0.2150222209675247,0.2782606148624028,0.31821933404097624,0.31167984824942735,0.14447818938481766,0.14405965818600908,0.3
2014,GTM,16002003.998764038,9329571.231903076,10589785.231903076,6080042.429046631,7275329.496536255,9486743.199783325,9168194.199783325,3737409.676925659,3511551.676925659,1794224698.3614178,1794224698.3614178,0.585480508506081,0.6645656792182594,0.38155519097426316,0.45656584930886024,0.5928471959209648,0.5729403767485284,0.23355885157973522,0.21944449440188143,0.3
2019,GUY,745059.1476888657,309673.7750597,259220.4840221405,191123.40221500397,166062.88170433044,299922.63168144226,207313.86344337463,189381.52050876617,132177.02537727356,129660068.65264773,129660068.65264641,0.5025935541785311,0.42070900048107207,0.31018897220926606,0.26951631250278874,0.48676766835129825,0.33646572570893774,0.3073619374772231,0.21452033176623678,0.3
2019,HND,2251019.1909561157,276132.52938079834,308583.80380630493,191047.7403907776,215537.84831619263,328202.57481765747,321366.063369751,211485.94050598145,209083.8698234558,113283651.0978292,113283651.0978292,0.5308019989054502,0.5931821950044542,0.36724583921059023,0.4143225029755239,0.6303425902136706,0.6172124545451951,0.40617778701577234,0.4015643940320618,0.3
2018,JAM,3157964.7343235016,0.0,0.0,0.0,0.0,353107.1140060425,341148.95051956177,97747.99367141724,85979.43095779419,5447126759.493735,5447126759.493741,,,,,0.11332047995837581,0.1094828205854595,0.03136965843634556,0.027592846465615373,0.3
2020,MEX,126760856.0,38906859.0,51428032.0,17141717.0,24970857.0,66887453.0,64451313.0,18855506.0,17746504.0,1058921690.3244314,1058921690.3244314,0.30847805863264116,0.40775379659039923,0.13591031806988432,0.19798466614211385,0.5276664666890543,0.5084480732758699,0.14874864839978677,0.13999987504028846,0.3
2014,NIC,6240907.859611034,3085235.81909585,3632662.8011143208,1859365.497871399,2311939.7047588825,2473974.7280521393,2429986.0371608734,1399767.9736042023,1393201.5660648346,188826241.57035226,188826241.57035226,0.5196900307495343,0.6119009221690681,0.3131993045013297,0.3894327975905967,0.41672665490826905,0.409317015755106,0.23578277444534668,0.2346767012839609,0.3
2019,PAN,4076474.0,678722.0,813254.0,385658.0,454929.0,873663.0,850641.0,387056.0,382617.0,12231149.110200556,12231149.11020055,0.16948935837609136,0.20308447148728023,0.09630589103138935,0.11360413293907795,0.21816970911055059,0.21242069256396098,0.09665499732676475,0.09554649743751484,0.3
2020,PER,33221603.712699294,12267910.874471545,14471849.174500823,6454243.710107207,7925347.790662408,9984368.428366065,9528389.036632895,1703729.5014824867,1700074.4522385597,314101731.5065111,314101731.5065109,0.37152299976451936,0.43826735231982467,0.19546115136686654,0.24001225762824427,0.3005384241745512,0.28681303645165607,0.05128378257161676,0.051173762318665224,0.3
2020,PRY,7221008.0,1591640.0,2123252.0,629418.0,959546.0,1863389.0,1776912.0,269304.0,246458.0,25669652729.05811,25669652729.057922,0.22347661396227586,0.2981183983492688,0.08837438328196562,0.13472650286562662,0.25805109203590415,0.2460753401741142,0.037294516222665865,0.034130692003110925,0.3
2020,SLV,6321041.993896484,1930389.9829101562,2462834.7209835052,1006111.4723320007,1348081.797050476,1814047.6373729706,1722038.8448352814,550173.576871872,529840.6604347229,5736213.686891754,5736213.686891758,0.3202820154299319,0.4086229596561905,0.16692969449617526,0.22366794209780463,0.2869855380053781,0.2724295846314673,0.08703843091109224,0.08382172764337432,0.3
2017,SUR,494372.2035036087,237259.42736196518,286688.8711299896,146482.05988121033,187335.4712047577,129338.43584489822,127538.45404481888,8341.4700050354,8341.4700050354,0.0,0.0,0.5362725627820821,0.6479969093385246,0.3310903618352408,0.4234304801288139,0.2616215776863638,0.2579806330957843,0.016872853987177115,0.016872853987177115,0.3
2015,TTO,1370327.9436531067,105055.3208656311,158673.4497680664,35306.4885635376,63617.51902008057,101598.74156570435,98018.71300506592,35306.4885635376,33907.39694213867,6684574.878918517,6684574.878918517,0.11727686159217235,0.1771326197804217,0.039413845376452754,0.07101842068997198,0.11341816344342873,0.10942165464651568,0.039413845376452754,0.03785199136386605,0.3
2020,URY,3530882.831489086,342668.46622514725,502236.4924571514,128268.30400466919,203697.270154953,611005.5813837051,590072.722618103,168771.57465457916,164157.0649061203,181685419.82814255,181685419.82814217,0.0980977677346258,0.14377826862114443,0.03672014070211226,0.05831364559442346,0.17491625146434336,0.16892367578374207,0.04831525618057285,0.04699423265453862,0.3
2021,VEN,28704946.98902893,25375886.82093048,26169114.30186844,23384327.877113342,24620706.400886536,25287458.12391281,25437984.22387314,23258676.789611816,23514176.642593384,40272504201.911156,40272504201.911156,0.9099366679508458,0.9383804727339119,0.8385227101982464,0.882857166849441,0.9067657634428258,0.9121633764919415,0.8340170733039632,0.8431788687724162,0.3
2020,ARG,28644818.0,3192710.0,5020186.0,1613087.0,2489851.0,9345989.0,9152010.0,2615991.0,2463443.0,1185469574.045918,1185469574.045918,0.1239418228758225,0.1948849109426424,0.06262045197881796,0.0966566558281803,0.4485814255681058,0.43927097417015576,0.1255602774680491,0.11823839860562337,0.4
2014,BHS,257918.38403320312,11087.515975952148,17393.367610931396,6146.370349884033,7323.025806427002,10644.299877166748,9492.196933746338,6016.8191566467285,5220.916675567627,1213131.494156238,1213131.4941562384,0.05604903578207051,0.08792604995656671,0.031070812652508793,0.037018980297090866,0.05380851274391729,0.04798446169042116,0.030415912178758265,0.026392507230544843,0.4
2007,BLZ,313923.68988609314,19310.166982650757,23791.90984916687,11562.428081512451,15164.696601867676,19310.166982650757,17716.942991256714,11562.428081512451,11488.857250213623,592368.1646467795,592368.1646467785,0.0803069258979802,0.09894555251361108,0.04808570821666102,0.06306678587325013,0.0803069258979802,0.07368104217927804,0.04808570821666102,0.047779742592299716,0.4
2020,BOL,11749037.995095253,3241110.60499382,4223892.272855759,1692407.436823845,2143945.5162820816,4538500.133379936,4412320.477926254,1714047.6042966843,1676327.0210561752,143696378.15219548,143696378.15219554,0.2777200181743058,0.36193131976933807,0.1450167801706183,0.1837075806142433,0.3888890238995002,0.3780771077150196,0.14687105434891756,0.14363890267629068,0.4
2020,BRA,211096452.99566078,44038031.38975048,64468755.95533943,19698060.32272339,30535078.779904366,46497642.96545887,47635353.70594692,8674885.643491745,8987624.18042183,1635997510.716371,1635997510.716371,0.2137292820057049,0.3128854875502594,0.09560037442229062,0.14819555410770538,0.22566648717812832,0.23118812590767615,0.04210172483996663,0.04361953526073713,0.4
2016,BRB,278999.9999694824,10226.09602355957,16669.032524108887,3090.0795555114746,4493.190204620361,10226.09602355957,7769.971202850342,3090.0795555114746,3090.0795555114746,1259465.1068568463,1259465.1068568507,0.04358769412399205,0.07105005559597959,0.013171149789140335,0.01915176620957814,0.04358769412399205,0.03311871190743805,0.013171149789140335,0.013171149789140335,0.4
2020,CHL,19545799.0,2227926.0,3802424.0,1096782.0,1672454.0,2112185.0,2039817.0,831232.0,799884.0,27228158022.152905,27228158022.153023,0.11657559636964838,0.19896075787538,0.05738880723035491,0.08751068143681788,0.10813706196038599,0.104432053686987,0.04255639836825636,0.04095148183947968,0.4
2020,COL,49620239.65705776,17665967.05765152,22831605.4480114,9330577.727719307,13227381.280083656,18939982.820563316,18373707.459174156,5191881.252938271,5191420.811272621,286068829805.89136,286068829805.8919,0.3650161387031373,0.4717491226961751,0.19278941497666058,0.2733055951170867,0.38169873727865755,0.3702865521440657,0.10463232924349249,0.10462304993188835,0.4
2021,CRI,5163413.0,976389.0,1449641.0,405313.0,627805.0,1351668.0,1342623.0,376776.0,398710.0,16188036433.85613,16188036433.85613,0.19143343378277433,0.28422048423558105,0.07946674875157095,0.12308912420766174,0.2622203451876859,0.2604656369144837,0.07309363895456246,0.07734878226737797,0.4
2020,DOM,10480963.994644165,2667762.591445923,3922524.1420288086,1102477.2362365723,1784374.240081787,2367297.6797180176,2191949.9764556885,325918.0559082031,322036.26892089844,1303831920.9337194,1303831920.9337192,0.2589102376172195,0.38068667014388086,0.10699701844416257,0.1731761139386926,0.22586640703352484,0.2091362948652231,0.03109619077737021,0.03072582532345888,0.4
2020,ECU,17695544.989904404,7101683.164100647,8980311.878419876,3772899.4406204224,5286968.513645172,5533934.7630729675,5486086.4476623535,2512521.3625125885,2522848.494791031,40235422.376245044,40235422.37624497,0.40836999057705065,0.5163972810991666,0.21695404785204042,0.3040179676013274,0.31821933404097624,0.3154678995342758,0.14447818938481766,0.14507203324039178,0.4
2014,GTM,16002003.998764038,9372252.231903076,11042932.731903076,6120774.429046631,7747771.537307739,9486743.199783325,9205155.199783325,3737409.676925659,3560970.676925659,2392299597.8152237,2392299597.8152237,0.5881589696017097,0.6930031092065763,0.3841113418926377,0.48621411495741096,0.5928471959209648,0.5752501499496133,0.23355885157973522,0.2225327950924585,0.4
2019,GUY,745059.1476888657,311118.8918390274,280775.6387042999,192005.8350124359,174841.868434906,299922.63168144226,207313.86344337463,189381.52050876617,132375.5441455841,172880091.53687292,172880091.53687292,0.504938946125864,0.4556925304893396,0.3116211407417791,0.28376441001170927,0.48676766835129825,0.33646572570893774,0.3073619374772231,0.21484252325086314,0.4
2019,HND,2251019.1909561157,277392.2228965759,321741.49505233765,192116.5573196411,226747.78147888184,328202.57481765747,324231.9873352051,211485.94050598145,209977.09803390503,151044868.1304247,151044868.1304247,0.5332234732521429,0.6184748645426509,0.36930039672171333,0.43587105049252534,0.6303425902136706,0.6227167195155215,0.40617778701577234,0.4032799192199409,0.4
2018,JAM,3157964.7343235016,0.0,0.0,0.0,0.0,353107.1140060425,343877.48485183716,97747.99367141724,87025.54368972778,7262835679.325115,7262835679.325136,,,,,0.11332047995837581,0.11035847221594765,0.03136965843634556,0.027928568948032573,0.4
2020,MEX,126760856.0,39025130.0,55973990.0,17202898.0,28414759.0,66887453.0,64497809.0,18855506.0,17795571.0,1411895587.0996158,1411895587.0996,0.30941578553762056,0.44379701196446797,0.13639539953341762,0.22529008812647577,0.5276664666890543,0.5088148742069082,0.14874864839978677,0.14038695825783948,0.4
2014,NIC,6240907.859611034,3101768.2239573,3839529.0743288994,1899221.7927436829,2474106.7124569416,2473974.7280521393,2456631.644384384,1399767.9736042023,1404489.2941761017,251768322.09380564,251768322.09380564,0.5224748182000212,0.6467463428083992,0.3199128655781001,0.41674888691366896,0.41672665490826905,0.4138053133275698,0.23578277444534668,0.23657805343763708,0.4
2019,PAN,4076474.0,683516.0,866410.0,392469.0,500558.0,873663.0,856063.0,387056.0,389689.0,16308198.813599996,16308198.81360002,0.17068650829027565,0.21635850169970816,0.09800672291822897,0.12499853290451693,0.21816970911055059,0.2137746656208461,0.09665499732676475,0.09731250582155973,0.4
2020,PER,33221603.712699294,12482107.279806376,15589227.760342002,6602981.539403319,8739643.23475933,9984368.428366065,9692612.028459668,1703729.5014824867,1775270.3948569298,418802308.6753278,418802308.6753277,0.37800975140977056,0.4721061899452434,0.1999655470283597,0.26467248618557815,0.3005384241745512,0.2917562954600704,0.05128378257161676,0.053437227480331265,0.4
2020,PRY,7221008.0,1598174.0,2395060.0,632512.0,1085502.0,1863389.0,1777668.0,269304.0,247406.0,34226203638.744213,34226203638.744267,0.22439403008377917,0.33628201040215655,0.08880880101688009,0.15241154495317935,0.25805109203590415,0.24618003469875674,0.037294516222665865,0.03426197561337697,0.4
2020,SLV,6321041.993896484,1941134.5439224243,2709300.050239563,1009615.3958854675,1461294.842409134,1814047.6373729706,1739423.3314609528,550173.576871872,537036.2228813171,7648284.915855825,7648284.915855909,0.32206470684792776,0.44951542858038607,0.16751105044370507,0.24245176436244745,0.2869855380053781,0.2751798410990652,0.08703843091109224,0.08496007832250953,0.4
2017,SUR,494372.2035036087,237259.42736196518,296140.63242149353,146482.05988121033,206957.55870199203,129338.43584489822,127538.45404481888,8341.4700050354,8341.4700050354,0.0,0.0,0.5362725627820821,0.6693605293512561,0.3310903618352408,0.46778187752649225,0.2616215776863638,0.2579806330957843,0.016872853987177115,0.016872853987177115,0.4
2015,TTO,1370327.9436531067,105055.3208656311,169578.13446426392,35306.4885635376,67855.9436378479,101598.74156570435,98018.71300506592,35306.4885635376,34113.145709991455,8912766.505219836,8912766.505219836,0.11727686159217235,0.1893058937020534,0.039413845376452754,0.07574991961045524,0.11341816344342873,0.10942165464651568,0.039413845376452754,0.03808167577748174,0.4
2020,URY,3530882.831489086,343967.38149118423,575582.8878090382,128697.77601623535,234222.11503243446,611005.5813837051,591724.2955417633,168771.57465457916,165394.90242481232,242247226.43752658,242247226.43752667,0.09846961603884337,0.16477558341542123,0.036843088244100146,0.0670521769682418,0.17491625146434336,0.16939648152173947,0.04831525618057285,0.04734859586379311,0.4
2021,VEN,28704946.98902893,25394832.708702087,26368733.55540085,23427369.683891296,24896107.925769806,25287458.12391281,25446112.73139572,23258676.789611816,23570422.006347656,53696672269.214676,53696672269.214806,0.9106160356557824,0.9455384837898367,0.8400661170757475,0.8927326028359449,0.9067657634428258,0.9124548511151814,0.8340170733039632,0.8451957330200938,0.4
2020,ARG,28644818.0,3192710.0,5556825.0,1613087.0,2728422.0,9345989.0,9153216.0,2615991.0,2463443.0,1481836967.5574627,1481836967.5574775,0.1239418228758225,0.21571737486396897,0.06262045197881796,0.10591804337208746,0.4485814255681058,0.43932885880914213,0.1255602774680491,0.11823839860562337,0.5
2014,BHS,257918.38403320312,11087.515975952148,18303.349716186523,6146.370349884033,8496.612518310547,10644.299877166748,9621.748126983643,6016.8191566467285,5220.916675567627,1516414.367695322,1516414.3676953223,0.05604903578207051,0.09252614430494112,0.031070812652508793,0.042951634982810454,0.05380851274391729,0.04863936216417169,0.030415912178758265,0.026392507230544843,0.5
2007,BLZ,313923.68988609314,19310.166982650757,26603.734783172607,11562.428081512451,16251.20891571045,19310.166982650757,17716.942991256714,11562.428081512451,11488.857250213623,740460.2058084542,740460.2058084542,0.0803069258979802,0.11063934142885817,0.04808570821666102,0.06758536222494135,0.0803069258979802,0.07368104217927804,0.04808570821666102,0.047779742592299716,0.5
2020,BOL,11749037.995095253,3260428.143819809,4594283.431116104,1699260.0614118576,2373300.446042061,4538500.133379936,4432549.004720688,1714047.6042966843,1685536.518439293,179620472.69023922,179620472.69023916,0.2793752740071584,0.39366890966990287,0.1456039588439386,0.20336024385972656,0.3888890238995002,0.3798104230854774,0.14687105434891756,0.14442803396254633,0.5
2020,BRA,211096452.99566078,44386442.43703365,70815772.91135979,20097962.347984314,34626083.23818302,46497642.96545887,47689067.363921165,8674885.643491745,9013557.590532303,2044996888.3954668,2044996888.3954668,0.21542022141940492,0.34368939349424743,0.09754121441977374,0.16805037999244138,0.22566648717812832,0.2314488137992654,0.04210172483996663,0.04374539758809268,0.5
2016,BRB,278999.9999694824,10226.09602355957,20420.19659805298,3090.0795555114746,5084.6565017700195,10226.09602355957,7769.971202850342,3090.0795555114746,3090.0795555114746,1574331.383571058,1574331.383571058,0.04358769412399205,0.08703901090084765,0.013171149789140335,0.021672831138502557,0.04358769412399205,0.03311871190743805,0.013171149789140335,0.013171149789140335,0.5
2020,CHL,19545799.0,2237164.0,4233057.0,1098241.0,1875011.0,2112185.0,2049699.0,831232.0,804296.0,34035197527.695473,34035197527.695496,0.11705897210082743,0.22149350752301228,0.057465148991752424,0.09810941904024226,0.10813706196038599,0.1049379802257573,0.04255639836825636,0.04117736201444978,0.5
2020,COL,49620239.65705776,17865477.779844284,24219868.563056946,9499003.591142654,14412397.32959652,18939982.820563316,18447832.747644424,5191881.252938271,5268474.883166313,357586037257.4054,357586037257.40717,0.36913845101171455,0.5004335666388255,0.19626944854198441,0.2977905260174353,0.38169873727865755,0.37178040402754253,0.10463232924349249,0.10617592578307809,0.5
2021,CRI,5163413.0,995381.0,1579916.0,420356.0,705281.0,1351668.0,1352565.0,376776.0,413031.0,20235045542.320942,20235045542.320942,0.19515705600138028,0.3097625485010029,0.08241611948843328,0.13827927558764883,0.2622203451876859,0.2623943610330217,0.07309363895456246,0.08012702186721524,0.5
2020,DOM,10480963.994644165,2757103.2572631836,4216528.837814331,1144627.835861206,1958212.2563934326,2367297.6797180176,2223646.9112091064,325918.0559082031,337469.1487426758,1629789901.1671677,1629789901.1671677,0.26758087910900624,0.4092202532634907,0.11108779541191639,0.19004734612947,0.22586640703352484,0.21216053335794333,0.03109619077737021,0.032198292916102426,0.5
2020,ECU,17695544.989904404,7147605.5087890625,9687762.880857468,3826104.4848747253,5691131.492700577,5533934.7630729675,5505441.570289612,2512521.3625125885,2588208.831483841,50294277.97030761,50294277.97030763,0.41101067547305997,0.5570780257231421,0.22001351177329984,0.32725865972101725,0.31821933404097624,0.3165808823388124,0.14447818938481766,0.14883046620094414,0.5
2014,GTM,16002003.998764038,9400818.231903076,11443115.499008179,6160892.429046631,8215312.132675171,9486743.199783325,9238161.199783325,3737409.676925659,3603107.676925659,2990374497.2690296,2990374497.2690296,0.5899516389313347,0.7181167188415898,0.38662896102607947,0.5155547886838628,0.5928471959209648,0.5773127666070363,0.23355885157973522,0.22516602778026776,0.5
2019,GUY,745059.1476888657,312670.8209619522,306038.0843667984,192970.67983055115,188215.22485923767,299922.63168144226,207622.56728744507,189381.52050876617,132966.52772712708,216100114.42109102,216100114.42109022,0.5074576920983752,0.4966929101640777,0.31318706212557657,0.3054690659364978,0.48676766835129825,0.3369667450869914,0.3073619374772231,0.2158016762777915,0.5
2019,HND,2251019.1909561157,278811.52586746216,334922.72941207886,193174.6321334839,234250.5569038391,328202.57481765747,326031.2913208008,211485.94050598145,211985.31624221802,188806085.16301984,188806085.16301984,0.5359517604832352,0.6438127903635642,0.3713343049593218,0.4502934302166251,0.6303425902136706,0.6261724447958376,0.40617778701577234,0.40713688307174967,0.5
2018,JAM,3157964.7343235016,0.0,0.0,0.0,0.0,353107.1140060425,344554.0605354309,97747.99367141724,92383.7772102356,9078544599.156368,9078544599.156376,,,,,0.11332047995837581,0.11057560146130094,0.03136965843634556,0.029648153658134484,0.5
2020,MEX,126760856.0,39138826.0,60411164.0,17295994.0,31846980.0,66887453.0,64574784.0,18855506.0,17871232.0,1764869483.8746889,1764869483.8746643,0.3103172389639765,0.47897771933884714,0.13713352319810265,0.25250289579306695,0.5276664666890543,0.5094221200273371,0.14874864839978677,0.14098383810219772,0.5
2014,NIC,6240907.859611034,3135557.1394131184,4001937.5078320503,1912392.4880828857,2669804.75320673,2473974.7280521393,2469209.515115738,1399767.9736042023,1412812.6226329803,314710402.6172474,314710402.6172474,0.5281663645004832,0.6741030989042657,0.32213139261044504,0.4497130837460154,0.41672665490826905,0.41592398250244556,0.23578277444534668,0.2379800697097551,0.5
2019,PAN,4076474.0,695489.0,941219.0,398907.0,547327.0,873663.0,861903.0,387056.0,398243.0,20385248.516999107,20385248.516999118,0.17367638645517516,0.2350396839963731,0.09961440984929246,0.13667761182326632,0.21816970911055059,0.21523302096061167,0.09665499732676475,0.09944859684490816,0.5
2020,PER,33221603.712699294,12685840.489671946,16589215.763226986,6743074.338789344,9507839.671381712,9984368.428366065,9857277.706141353,1703729.5014824867,1875797.4010176659,523502885.8441983,523502885.8441982,0.3841796342900268,0.502389955972062,0.2042081354858298,0.28793664643769246,0.3005384241745512,0.2967128797088537,0.05128378257161676,0.05646318032204518,0.5
2020,PRY,7221008.0,1608152.0,2622525.0,644868.0,1223168.0,1863389.0,1786127.0,269304.0,252817.0,42782754548.43019,42782754548.43016,0.2257950062179022,0.3682195766828036,0.09054366382638342,0.17174074724624228,0.25805109203590415,0.24735147779922137,0.037294516222665865,0.0350113169795685,0.5
2020,SLV,6321041.993896484,1952339.5627288818,2910394.92036438,1031344.1558036804,1604356.4923305511,1814047.6373729706,1753281.8789024353,550173.576871872,540926.9448432922,9560356.14482,9560356.14482,0.3239237954455863,0.4828802257801208,0.17111619296983174,0.26618793890397036,0.2869855380053781,0.2773722877644827,0.08703843091109224,0.08557559740397298,0.5
2017,SUR,494372.2035036087,237259.42736196518,308664.81556510925,146482.05988121033,221721.38241910934,129338.43584489822,127538.45404481888,8341.4700050354,8341.4700050354,0.0,0.0,0.5362725627820821,0.6976686807526855,0.3310903618352408,0.5011522420648946,0.2616215776863638,0.2579806330957843,0.016872853987177115,0.016872853987177115,0.5
2015,TTO,1370327.9436531067,105055.3208656311,189576.91469955444,35471.087577819824,81599.96133041382,101598.74156570435,98018.71300506592,35306.4885635376,34113.145709991455,11140958.131518193,11140958.131518193,0.11727686159217235,0.21163121870549864,0.03959759290734531,0.09109283843998346,0.11341816344342873,0.10942165464651568,0.039413845376452754,0.03808167577748174,0.5
2020,URY,3530882.831489086,346098.6430449486,643219.4774420261,128957.50521850586,267044.340105772,611005.5813837051,593844.0751791,168771.57465457916,166323.56226825714,302809033.04690677,302809033.0469068,0.09907974513296766,0.18413831770279387,0.036917442488711295,0.07644839322136603,0.17491625146434336,0.1700033236184249,0.04831525618057285,0.04761444891595831,0.5
2021,VEN,28704946.98902893,25411893.07920456,26453130.179527283,23468675.8589859,25098163.771377563,25287458.12391281,25485675.44839096,23258676.789611816,23595840.606544495,67120840336.51796,67120840336.51744,0.9112277918792623,0.9485648049381705,0.8415472871170789,0.899977985990029,0.9067657634428258,0.9138735036782137,0.8340170733039632,0.8461072013179429,0.5
